ISO-10303-21;
HEADER;
FILE_DESCRIPTION(('ViewDefinition [ReferenceView_V1.2]'),'2;1');
FILE_NAME('Building-Architecture.ifc','2026-06-23T11:53:44',(''),(''),'Sketchup-IFC-manager 5.6.0 / SketchUp 2026 (26.2.242)','BIM_Tools - Sketchup_IFC_manager - 5.6.0','None');
FILE_SCHEMA(('IFC4'));
ENDSEC;
DATA;
#1=IFCOWNERHISTORY(#2,#5,$,.ADDED.,1782208424,#2,#5,1782208424);
#2=IFCPERSONANDORGANIZATION(#3,#4,$);
#3=IFCPERSON('3720f2e9-0107-4ce6-b699-e20d9bd03331','Jan B.',$,$,$,$,$,$);
#4=IFCORGANIZATION($,'buildingSMART International','buildingSMART is the worldwide industry body driving the digital transformation of the built environment.',$,$);
#5=IFCAPPLICATION(#6,'5.6.0','IFC manager for sketchup','su_ifcmanager');
#6=IFCORGANIZATION($,'BIM-Tools',$,$,$);
#7=IFCAXIS2PLACEMENT3D(#8,#9,#10);
#8=IFCCARTESIANPOINT((0.,0.,0.));
#9=IFCDIRECTION((0.,0.,1.));
#10=IFCDIRECTION((1.,0.,0.));
#11=IFCGEOMETRICREPRESENTATIONCONTEXT($,'Model',3,0.001,#7,$);
#12=IFCGEOMETRICREPRESENTATIONSUBCONTEXT('Body','Model',*,*,*,*,#11,$,.MODEL_VIEW.,$);
#13=IFCPROJECT('2Ndyd$OSX7s9A04nc4lyye',#1,'ifc silly sample scene - project','Demystifying IFC with a playful scene using diverse building elements and compositions.',$,$,$,(#11),#14);
#14=IFCUNITASSIGNMENT((#15,#16,#17));
#15=IFCSIUNIT(*,.LENGTHUNIT.,.MILLI.,.METRE.);
#16=IFCSIUNIT(*,.AREAUNIT.,$,.SQUARE_METRE.);
#17=IFCSIUNIT(*,.VOLUMEUNIT.,$,.CUBIC_METRE.);
#18=IFCPROJECTEDCRS('EPSG:32760','EPSG:32760 - WGS 84 / UTM zone 60S','WGS 84',$,$,$,#19);
#19=IFCSIUNIT(*,.LENGTHUNIT.,$,.METRE.);
#20=IFCMAPCONVERSION(#11,#18,729013.34882970038,9063992.6846973635,1.3000000000000018,0.49999999999999989,0.86602540378443871,0.001);
#21=IFCSITE('23sFQGRy90RxVbRHD9iSE2',#1,'environment - site','A sample scene environment, showcasing the surrounding landscape.',$,#23,$,$,.COMPLEX.,$,$,0.,$,$);
#22=IFCRELAGGREGATES('2$yEgyDDH3LB8g17BWZVKC',#1,'ifc silly sample scene - project container',$,#13,(#21));
#23=IFCLOCALPLACEMENT($,#24);
#24=IFCAXIS2PLACEMENT3D(#25,#26,#27);
#25=IFCCARTESIANPOINT((-28841.016,-14200.,-1300.));
#26=IFCDIRECTION((0.,0.,1.));
#27=IFCDIRECTION((0.49999999999999989,-0.86602540378443871,0.));
#28=IFCSITE('1Pbuu0tu59NfhrTsztVBK1',#1,'house - site','Smoke curls from a friendly chimney, promising warmth within this idyllic hilltop house.',$,#30,$,$,.PARTIAL.,$,$,0.,$,$);
#29=IFCRELAGGREGATES('1PA$vT09L2I8d1ZzjDaGOa',#1,'environment - site container',$,#21,(#28));
#30=IFCLOCALPLACEMENT(#23,#31);
#31=IFCAXIS2PLACEMENT3D(#32,#33,#34);
#32=IFCCARTESIANPOINT((0.,40000.,0.));
#33=IFCDIRECTION((0.,0.,1.));
#34=IFCDIRECTION((0.49999999999999989,0.86602540378443871,0.));
#35=IFCBUILDING('0c$N1CTon2BB2Sp89385G8',#1,'Single-family house','The main building structure, providing shelter and space.','house',#40,$,'house - building',.ELEMENT.,$,$,$);
#36=IFCCLASSIFICATION('Molio','1.0','2023-01-23','CCI Construction',$,'https://identifier.buildingsmart.org/uri/molio/cciconstruction/1.0',$);
#37=IFCCLASSIFICATIONREFERENCE('https://identifier.buildingsmart.org/uri/molio/cciconstruction/1.0/class/E-AAA','E-AAA','Single-family house',#36,$,$);
#38=IFCRELASSOCIATESCLASSIFICATION('1aSJ9MI8HCy9yoB1L$9KeB',#1,'CCI Construction Classification',$,(#35),#37);
#39=IFCRELAGGREGATES('16rT3flozCCRaOdhogJjOe',#1,'house - site container',$,#28,(#35));
#40=IFCLOCALPLACEMENT(#30,#41);
#41=IFCAXIS2PLACEMENT3D(#42,#43,#44);
#42=IFCCARTESIANPOINT((-2800.,-2800.,1300.));
#43=IFCDIRECTION((0.,0.,1.));
#44=IFCDIRECTION((1.,0.,0.));
#45=IFCBUILDINGSTOREY('1Ano2ZUxnEIvVQ_beukl8b',#1,'00 groundfloor','The ground floor, forming the base level of the building.','buildingstorey',#47,$,$,.ELEMENT.,0.);
#46=IFCRELAGGREGATES('1V73KC$B50yhdQelx0hpzd',#1,'Single-family house container',$,#35,(#45));
#47=IFCLOCALPLACEMENT(#40,#7);
#48=IFCSLABTYPE('0hnSKr4LD8eRixcnqcc6X1',#1,'house - groundfloor','A solid, site-cast concrete floor, providing a strong foundation.',$,(#52),$,'884513','slab on grade',.FLOOR.);
#49=IFCRELDEFINESBYTYPE('0KEb1WVHHEhQZ4xbbd6b2c',#1,$,$,(#53),#48);
#50=IFCPROPERTYSINGLEVALUE('FireRating',$,IFCLABEL('REI60'),$);
#51=IFCPROPERTYSINGLEVALUE('SurfaceSpreadOfFlame',$,IFCLABEL('A2 s1 d0'),$);
#52=IFCPROPERTYSET('0e$8R5fST3080JjRwmyWIc',#1,'Pset_SlabCommon',$,(#50,#51));
#53=IFCSLAB('3zR0BOEcLADRKln4HYporH',#1,'floor','A solid, site-cast concrete floor, providing a strong foundation.','slab on grade',#68,#80,'454425.1027891.979946.932083.920025',$);
#54=IFCPROPERTYSINGLEVALUE('IsExternal',$,IFCBOOLEAN(.T.),$);
#55=IFCPROPERTYSINGLEVALUE('LoadBearing',$,IFCBOOLEAN(.F.),$);
#56=IFCPROPERTYSINGLEVALUE('FireRating',$,IFCLABEL('REI30'),$);
#57=IFCPROPERTYSINGLEVALUE('AcousticRating',$,IFCLABEL('29dB Rw'),$);
#58=IFCPROPERTYSET('3Hgdv2Uen9c9mwtFqxRVZv',#1,'Pset_SlabCommon',$,(#54,#55,#56,#57));
#59=IFCRELDEFINESBYPROPERTIES('14hbWdknL14O8a2ydi1v1k',#1,$,$,(#53),#58);
#60=IFCRELASSOCIATESMATERIAL('0oKrXjQf58gwTDmoHg_xVx',#1,$,$,(#53),#61);
#61=IFCMATERIAL('concrete_reinforced_in-situ',$,$);
#62=IFCQUANTITYVOLUME('NetVolume',$,$,6.4375000000003784,$);
#63=IFCQUANTITYLENGTH('Depth',$,$,250.,$);
#64=IFCQUANTITYAREA('NetArea',$,$,25.749999999991743,$);
#65=IFCELEMENTQUANTITY('0RKb$w9MP4zhtUpGwp1CMV',#1,'Qto_SlabBaseQuantities',$,'BaseQuantities',(#62,#63,#64));
#66=IFCRELDEFINESBYPROPERTIES('12_r2anT97wfalc$$ec1C6',#1,$,$,(#53),#65);
#67=IFCRELCONTAINEDINSPATIALSTRUCTURE('0CosOqG19ANu$QldZXwQk0',#1,$,$,(#53,#158,#201,#220,#228,#379),#45);
#68=IFCLOCALPLACEMENT(#47,#69);
#69=IFCAXIS2PLACEMENT3D(#70,#71,#72);
#70=IFCCARTESIANPOINT((200.,0.,-250.));
#71=IFCDIRECTION((0.,0.,1.));
#72=IFCDIRECTION((1.,0.,0.));
#73=IFCSHAPEREPRESENTATION(#12,'Body','Tessellation',(#74));
#74=IFCTRIANGULATEDFACESET(#75,((1.,0.,0.),(1.,0.,0.),(1.,0.,0.),(1.,0.,0.),(1.,1.4438228390645182E-14,1.6676995124830817E-30),(1.,1.4438228390645182E-14,1.6676995124830817E-30),(1.,1.4438228390645182E-14,1.6676995124830817E-30),(1.,1.4438228390645182E-14,1.6676995124830817E-30),(0.,1.,0.),(0.,1.,0.),(0.,1.,0.),(0.,1.,0.),(-1.,-4.3314685171941173E-14,1.4438228390645236E-14),(-1.,-4.3314685171941173E-14,1.4438228390645236E-14),(-1.,-4.3314685171941173E-14,1.4438228390645236E-14),(-1.,-4.3314685171941173E-14,1.4438228390645236E-14),(-6.5824663352301412E-15,-7.2797511327622223E-15,1.),(-6.5824663352301412E-15,-7.2797511327622223E-15,1.),(-6.5824663352301412E-15,-7.2797511327622223E-15,1.),(-6.5824663352301412E-15,-7.2797511327622223E-15,1.),(-6.5824663352301412E-15,-7.2797511327622223E-15,1.),(-6.5824663352301412E-15,-7.2797511327622223E-15,1.),(-6.5824663352301412E-15,-7.2797511327622223E-15,1.),(-6.5824663352301412E-15,-7.2797511327622223E-15,1.),(-6.5824663352301412E-15,-7.2797511327622223E-15,1.),(-6.5824663352301412E-15,-7.2797511327622223E-15,1.),(-6.5824663352301412E-15,-7.2797511327622223E-15,1.),(-6.5824663352301412E-15,-7.2797511327622223E-15,1.),(-6.5824663352301412E-15,-7.2797511327622223E-15,1.),(-6.5824663352301412E-15,-7.2797511327622223E-15,1.),(-6.5824663352301412E-15,-7.2797511327622223E-15,1.),(-6.5824663352301412E-15,-7.2797511327622223E-15,1.),(-6.5824663352301412E-15,-7.2797511327622223E-15,1.),(-6.5824663352301412E-15,-7.2797511327622223E-15,1.),(-6.5824663352301412E-15,-7.2797511327622223E-15,1.),(-6.5824663352301412E-15,-7.2797511327622223E-15,1.),(1.3109980515969059E-15,2.3122961404061778E-15,-1.),(1.3109980515969059E-15,2.3122961404061778E-15,-1.),(1.3109980515969059E-15,2.3122961404061778E-15,-1.),(1.3109980515969059E-15,2.3122961404061778E-15,-1.),(1.3109980515969059E-15,2.3122961404061778E-15,-1.),(1.3109980515969059E-15,2.3122961404061778E-15,-1.),(1.3109980515969059E-15,2.3122961404061778E-15,-1.),(1.3109980515969059E-15,2.3122961404061778E-15,-1.),(1.3109980515969059E-15,2.3122961404061778E-15,-1.),(1.3109980515969059E-15,2.3122961404061778E-15,-1.),(1.3109980515969059E-15,2.3122961404061778E-15,-1.),(1.3109980515969059E-15,2.3122961404061778E-15,-1.),(1.3109980515969059E-15,2.3122961404061778E-15,-1.),(1.3109980515969059E-15,2.3122961404061778E-15,-1.),(1.3109980515969059E-15,2.3122961404061778E-15,-1.),(1.3109980515969059E-15,2.3122961404061778E-15,-1.),(1.3109980515969059E-15,2.3122961404061778E-15,-1.),(1.3109980515969059E-15,2.3122961404061778E-15,-1.),(1.3109980515969059E-15,2.3122961404061778E-15,-1.),(1.3109980515969059E-15,2.3122961404061778E-15,-1.),(0.,1.,0.),(0.,1.,0.),(0.,1.,0.),(0.,1.,0.),(-1.,0.,0.),(-1.,0.,0.),(-1.,0.,0.),(-1.,0.,0.),(-2.8876456781290365E-14,-1.,0.),(-2.8876456781290365E-14,-1.,0.),(-2.8876456781290365E-14,-1.,0.),(-2.8876456781290365E-14,-1.,0.),(0.,-1.,0.),(0.,-1.,0.),(0.,-1.,0.),(0.,-1.,0.),(1.,-3.6095570976604614E-14,2.1657342585967851E-14),(1.,-3.6095570976604614E-14,2.1657342585967851E-14),(1.,-3.6095570976604614E-14,2.1657342585967851E-14),(1.,-3.6095570976604614E-14,2.1657342585967851E-14),(-2.8876456781290365E-14,1.,7.8173414647799028E-31),(-2.8876456781290365E-14,1.,7.8173414647799028E-31),(-2.8876456781290365E-14,1.,7.8173414647799028E-31),(-2.8876456781290365E-14,1.,7.8173414647799028E-31),(0.,-1.,0.),(0.,-1.,0.),(0.,-1.,0.),(0.,-1.,0.),(-1.,0.,0.),(-1.,0.,0.),(-1.,0.,0.),(-1.,0.,0.),(-1.,-2.2797202722070943E-14,1.4438228390645252E-14),(-1.,-2.2797202722070943E-14,1.4438228390645252E-14),(-1.,-2.2797202722070943E-14,1.4438228390645252E-14),(-1.,-2.2797202722070943E-14,1.4438228390645252E-14),(2.2797202722070949E-14,-1.,-6.5830243913819913E-28),(2.2797202722070949E-14,-1.,-6.5830243913819913E-28),(2.2797202722070949E-14,-1.,-6.5830243913819913E-28),(2.2797202722070949E-14,-1.,-6.5830243913819913E-28),(1.,2.7765823828164719E-14,1.4438228390639414E-14),(1.,2.7765823828164719E-14,1.4438228390639414E-14),(1.,2.7765823828164719E-14,1.4438228390639414E-14),(1.,2.7765823828164719E-14,1.4438228390639414E-14),(2.6976689887784024E-14,-1.,1.1684868294703061E-27),(2.6976689887784024E-14,-1.,1.1684868294703061E-27),(2.6976689887784024E-14,-1.,1.1684868294703061E-27),(2.6976689887784024E-14,-1.,1.1684868294703061E-27),(1.,4.9811887947712626E-14,1.9852564037137231E-14),(1.,4.9811887947712626E-14,1.9852564037137231E-14),(1.,4.9811887947712626E-14,1.9852564037137231E-14),(1.,4.9811887947712626E-14,1.9852564037137231E-14),(1.,5.6721611534677513E-15,1.9852564037129188E-14),(1.,5.6721611534677513E-15,1.9852564037129188E-14),(1.,5.6721611534677513E-15,1.9852564037129188E-14),(1.,5.6721611534677513E-15,1.9852564037129188E-14),(5.6721611534677513E-15,-1.,2.2521388505627019E-28),(5.6721611534677513E-15,-1.,2.2521388505627019E-28),(5.6721611534677513E-15,-1.,2.2521388505627019E-28),(5.6721611534677513E-15,-1.,2.2521388505627019E-28),(-5.6721611534677513E-15,1.,0.),(-5.6721611534677513E-15,1.,0.),(-5.6721611534677513E-15,1.,0.),(-5.6721611534677513E-15,1.,0.)),$,((1,2,3),(2,1,4),(5,6,7),(6,5,8),(9,10,11),(10,9,12),(13,14,15),(14,13,16),(17,18,19),(18,17,20),(20,17,21),(21,17,22),(21,22,23),(23,22,24),(25,26,27),(26,25,28),(26,28,29),(30,27,31),(27,30,32),(27,32,33),(27,33,20),(27,20,25),(25,20,21),(31,27,34),(18,35,36),(35,18,20),(37,38,39),(38,37,40),(39,38,41),(41,38,42),(42,38,43),(42,43,44),(38,40,45),(43,46,47),(46,43,38),(47,46,48),(49,50,44),(50,49,51),(42,52,53),(52,42,54),(54,42,55),(55,42,56),(56,42,44),(56,44,50),(57,58,59),(58,57,60),(61,62,63),(62,61,64),(65,66,67),(66,65,68),(69,70,71),(70,69,72),(73,74,75),(74,73,76),(77,78,79),(78,77,80),(81,82,83),(82,81,84),(85,86,87),(86,85,88),(89,90,91),(90,89,92),(93,94,95),(94,93,96),(97,98,99),(98,97,100),(101,102,103),(102,101,104),(105,106,107),(106,105,108),(109,110,111),(110,109,112),(113,114,115),(114,113,116),(117,118,119),(118,117,120)),$);
#75=IFCCARTESIANPOINTLIST3D(((2400.,0.,0.),(2400.,200.,250.),(2400.,0.,250.),(2400.,200.,0.),(3800.,200.,0.),(3800.,1800.,250.),(3800.,200.,250.),(3800.,1800.,0.),(2400.,1800.,0.),(3800.,1800.,250.),(3800.,1800.,0.),(2400.,1800.,250.),(1400.,2000.,250.),(1400.,1800.,0.),(1400.,1800.,250.),(1400.,2000.,0.),(2400.,0.,250.),(1400.,200.,250.),(1400.,0.,250.),(1400.,1800.,250.),(2400.,1800.,250.),(2400.,200.,250.),(3800.,1800.,250.),(3800.,200.,250.),(2400.,2000.,250.),(4500.,4600.,250.),(4500.,5300.,250.),(5200.,2000.,250.),(5200.,4600.,250.),(0.,5800.,250.),(5200.,5800.,250.),(0.,2000.,250.),(1400.,2000.,250.),(5200.,5300.,250.),(0.,1800.,250.),(0.,200.,250.),(0.,5800.,0.),(4500.,5300.,0.),(0.,2000.,0.),(5200.,5800.,0.),(1400.,2000.,0.),(1400.,1800.,0.),(2400.,2000.,0.),(2400.,1800.,0.),(5200.,5300.,0.),(4500.,4600.,0.),(5200.,2000.,0.),(5200.,4600.,0.),(3800.,1800.,0.),(2400.,200.,0.),(3800.,200.,0.),(0.,200.,0.),(0.,1800.,0.),(1400.,200.,0.),(1400.,0.,0.),(2400.,0.,0.),(0.,1800.,250.),(1400.,1800.,0.),(0.,1800.,0.),(1400.,1800.,250.),(0.,1800.,250.),(0.,200.,0.),(0.,200.,250.),(0.,1800.,0.),(1400.,200.,250.),(0.,200.,0.),(1400.,200.,0.),(0.,200.,250.),(3800.,200.,250.),(2400.,200.,0.),(3800.,200.,0.),(2400.,200.,250.),(2400.,1800.,0.),(2400.,2000.,250.),(2400.,1800.,250.),(2400.,2000.,0.),(0.,5800.,250.),(5200.,5800.,0.),(0.,5800.,0.),(5200.,5800.,250.),(2400.,0.,250.),(1400.,0.,0.),(2400.,0.,0.),(1400.,0.,250.),(1400.,200.,250.),(1400.,0.,0.),(1400.,0.,250.),(1400.,200.,0.),(0.,5800.,250.),(0.,2000.,0.),(0.,2000.,250.),(0.,5800.,0.),(1400.,2000.,250.),(0.,2000.,0.),(1400.,2000.,0.),(0.,2000.,250.),(5200.,2000.,0.),(5200.,4600.,250.),(5200.,2000.,250.),(5200.,4600.,0.),(5200.,2000.,0.),(2400.,2000.,250.),(2400.,2000.,0.),(5200.,2000.,250.),(5200.,5300.,0.),(5200.,5800.,250.),(5200.,5300.,250.),(5200.,5800.,0.),(4500.,4600.,0.),(4500.,5300.,250.),(4500.,4600.,250.),(4500.,5300.,0.),(5200.,5300.,0.),(4500.,5300.,250.),(4500.,5300.,0.),(5200.,5300.,250.),(4500.,4600.,250.),(5200.,4600.,0.),(4500.,4600.,0.),(5200.,4600.,250.)));
#76=IFCSTYLEDITEM(#74,(#79),$);
#77=IFCSURFACESTYLERENDERING(#78,0.,$,$,$,$,$,$,.NOTDEFINED.);
#78=IFCCOLOURRGB($,0.57647058823529407,0.57647058823529407,0.57647058823529407);
#79=IFCSURFACESTYLE('concrete_reinforced_in-situ',.BOTH.,(#77));
#80=IFCPRODUCTDEFINITIONSHAPE($,$,(#73));
#81=IFCZONE('2Cv3e8z_D5hxYOcR$bfTHG',#1,'house - living space','A cozy living space, perfect for relaxation and gatherings.','living space',$);
#82=IFCRELASSIGNSTOGROUP('2IogD410vFThSQLGfMqZwJ',#1,$,$,(#85,#135),$,#81);
#83=IFCSPACETYPE('1hq0sM3Q5Cq9DOc93a74pc',#1,'house - living room','A cozy space, perfect for relaxation and family gatherings.',$,$,$,'883849','living area',.NOTDEFINED.,'living room');
#84=IFCRELDEFINESBYTYPE('1DDWFfD5f3YQgIl2Q_QABN',#1,$,$,(#85),#83);
#85=IFCSPACE('0xY$LvXaDEswJDk_VU74C_',#1,'living room','A cozy space, perfect for relaxation and family gatherings.','living area',#87,#113,'living room',.ELEMENT.,$,0.);
#86=IFCRELAGGREGATES('0ClUFmS8r57vn0JGAOxcen',#1,'00 groundfloor container',$,#45,(#85,#135));
#87=IFCLOCALPLACEMENT(#47,#88);
#88=IFCAXIS2PLACEMENT3D(#89,#90,#91);
#89=IFCCARTESIANPOINT((200.,2000.,0.));
#90=IFCDIRECTION((0.,0.,1.));
#91=IFCDIRECTION((1.,0.,0.));
#92=IFCSHAPEREPRESENTATION(#12,'Body','SweptSolid',(#93));
#93=IFCEXTRUDEDAREASOLID(#107,#94,#108,2200.);
#94=IFCAXIS2PLACEMENT3D(#95,#96,#97);
#95=IFCCARTESIANPOINT((0.,0.,0.));
#96=IFCDIRECTION((0.,0.,1.));
#97=IFCDIRECTION((1.,0.,0.));
#98=IFCCARTESIANPOINT((4950.,2600.));
#99=IFCCARTESIANPOINT((4950.,0.));
#100=IFCCARTESIANPOINT((0.,0.));
#101=IFCCARTESIANPOINT((0.,3800.));
#102=IFCCARTESIANPOINT((4950.,3800.));
#103=IFCCARTESIANPOINT((4950.,3300.));
#104=IFCCARTESIANPOINT((4500.,3300.));
#105=IFCCARTESIANPOINT((4500.,2600.));
#106=IFCPOLYLINE((#98,#99,#100,#101,#102,#103,#104,#105));
#107=IFCARBITRARYCLOSEDPROFILEDEF(.AREA.,$,#106);
#108=IFCDIRECTION((-1.8375927042639037E-14,-3.2650084656117573E-14,1.));
#109=IFCSTYLEDITEM(#93,(#112),$);
#110=IFCSURFACESTYLERENDERING(#111,0.85098039215686272,$,$,$,$,$,$,.NOTDEFINED.);
#111=IFCCOLOURRGB($,0.,0.56862745098039214,0.78823529411764703);
#112=IFCSURFACESTYLE('virtual_space',.BOTH.,(#110));
#113=IFCPRODUCTDEFINITIONSHAPE($,$,(#92));
#114=IFCFURNITURETYPE('38qaFzdvb6KwnqDJqzAlhG',#1,'house - kitchen','The heart of the home, where meals are prepared and shared.',$,$,$,'883722','kitchen',.NOTDEFINED.,.USERDEFINED.);
#115=IFCRELDEFINESBYTYPE('3y6FA_02H2c8vSY8Ak$Hnw',#1,$,$,(#116),#114);
#116=IFCFURNITURE('2e9pghUJbBqR4jTInsONQT',#1,'kitchen','The heart of the home, where meals are prepared and shared.','kitchen',#120,#132,'454425.1027891.979946.932083.920029.919427.2003222',$);
#117=IFCRELASSOCIATESMATERIAL('0MEUM3gDb4HQJkmZ0$VlbL',#1,$,$,(#116),#118);
#118=IFCMATERIAL('wood_mdf_plate',$,$);
#119=IFCRELCONTAINEDINSPATIALSTRUCTURE('3z$e2mo3b2Jx3VO96mGuwz',#1,$,$,(#116),#85);
#120=IFCLOCALPLACEMENT(#87,#121);
#121=IFCAXIS2PLACEMENT3D(#122,#123,#124);
#122=IFCCARTESIANPOINT((4950.,2100.,0.));
#123=IFCDIRECTION((9.4190474503219921E-31,5.6617038951428633E-16,1.));
#124=IFCDIRECTION((-1.5394380663318816E-15,-1.,5.6617038951428633E-16));
#125=IFCSHAPEREPRESENTATION(#12,'Body','Tessellation',(#126));
#126=IFCTRIANGULATEDFACESET(#127,((0.,-1.,0.),(0.,-1.,0.),(0.,-1.,0.),(0.,-1.,0.),(-1.0655696088478225E-31,1.,5.0845734262558022E-16),(-1.0655696088478225E-31,1.,5.0845734262558022E-16),(-1.0655696088478225E-31,1.,5.0845734262558022E-16),(-1.0655696088478225E-31,1.,5.0845734262558022E-16),(6.0159284961021984E-16,-4.511946372076653E-16,1.),(6.0159284961021984E-16,-4.511946372076653E-16,1.),(6.0159284961021984E-16,-4.511946372076653E-16,1.),(6.0159284961021984E-16,-4.511946372076653E-16,1.),(-1.,9.844246629985229E-18,1.5927486214155687E-16),(-1.,9.844246629985229E-18,1.5927486214155687E-16),(-1.,9.844246629985229E-18,1.5927486214155687E-16),(-1.,9.844246629985229E-18,1.5927486214155687E-16),(-1.,9.844246629985229E-18,1.5927486214155687E-16),(-1.,9.844246629985229E-18,1.5927486214155687E-16),(0.,-1.,0.),(0.,-1.,0.),(0.,-1.,0.),(0.,-1.,0.),(-2.04514423628243E-16,5.0845734262558022E-16,-1.),(-2.04514423628243E-16,5.0845734262558022E-16,-1.),(-2.04514423628243E-16,5.0845734262558022E-16,-1.),(-2.04514423628243E-16,5.0845734262558022E-16,-1.),(-1.,0.,0.),(-1.,0.,0.),(-1.,0.,0.),(-1.,0.,0.),(1.,0.,0.),(1.,0.,0.),(1.,0.,0.),(1.,0.,0.),(5.0759396685861152E-16,-4.5119463720766422E-16,1.),(5.0759396685861152E-16,-4.5119463720766422E-16,1.),(5.0759396685861152E-16,-4.5119463720766422E-16,1.),(5.0759396685861152E-16,-4.5119463720766422E-16,1.),(5.0759396685861152E-16,-4.5119463720766422E-16,1.),(5.0759396685861152E-16,-4.5119463720766422E-16,1.),(5.0759396685861152E-16,-4.5119463720766422E-16,1.),(5.0759396685861152E-16,-4.5119463720766422E-16,1.),(-2.620319776633075E-31,-1.,-6.3698066429317198E-16),(-2.620319776633075E-31,-1.,-6.3698066429317198E-16),(-2.620319776633075E-31,-1.,-6.3698066429317198E-16),(-2.620319776633075E-31,-1.,-6.3698066429317198E-16),(0.,1.,0.),(0.,1.,0.),(0.,1.,0.),(0.,1.,0.),(1.,-9.8442466299857713E-18,-1.5927486214155687E-16),(1.,-9.8442466299857713E-18,-1.5927486214155687E-16),(1.,-9.8442466299857713E-18,-1.5927486214155687E-16),(1.,-9.8442466299857713E-18,-1.5927486214155687E-16),(1.,-9.8442466299857713E-18,-1.5927486214155687E-16),(1.,-9.8442466299857713E-18,-1.5927486214155687E-16),(-1.14975752306623E-16,6.3698066429317188E-16,-1.),(-1.14975752306623E-16,6.3698066429317188E-16,-1.),(-1.14975752306623E-16,6.3698066429317188E-16,-1.),(-1.14975752306623E-16,6.3698066429317188E-16,-1.)),$,((1,2,3),(2,1,4),(5,6,7),(6,5,8),(9,10,11),(10,9,12),(13,14,15),(14,13,16),(16,13,17),(17,13,18),(19,20,21),(20,19,22),(23,24,25),(24,23,26),(27,28,29),(28,27,30),(31,32,33),(32,31,34),(35,36,37),(36,35,38),(36,38,39),(39,38,40),(37,41,42),(41,37,36),(42,41,40),(42,40,38),(43,44,45),(44,43,46),(47,48,49),(48,47,50),(51,52,53),(52,51,54),(54,51,55),(54,55,56),(57,58,59),(58,57,60)),$);
#127=IFCCARTESIANPOINTLIST3D(((725.,-150.,900.),(275.,-150.,700.),(725.,-150.,700.),(275.,-150.,900.),(0.,0.,900.),(1600.,0.,0.),(0.,0.,0.),(1600.,0.,900.),(725.,-550.,700.),(275.,-150.,700.),(275.,-550.,700.),(725.,-150.,700.),(0.,0.,900.),(0.,-600.,850.),(0.,-600.,900.),(0.,-580.,850.),(0.,-580.,0.),(0.,0.,0.),(1600.,-600.,900.),(0.,-600.,850.),(1600.,-600.,850.),(0.,-600.,900.),(1600.,0.,0.),(0.,-580.,0.),(0.,0.,0.),(1600.,-580.,0.),(725.,-150.,900.),(725.,-550.,700.),(725.,-550.,900.),(725.,-150.,700.),(275.,-150.,700.),(275.,-550.,900.),(275.,-550.,700.),(275.,-150.,900.),(0.,-600.,900.),(275.,-550.,900.),(0.,0.,900.),(1600.,-600.,900.),(725.,-550.,900.),(725.,-150.,900.),(275.,-150.,900.),(1600.,0.,900.),(1600.,-580.,850.),(0.,-580.,0.),(1600.,-580.,0.),(0.,-580.,850.),(275.,-550.,700.),(725.,-550.,900.),(725.,-550.,700.),(275.,-550.,900.),(1600.,-580.,850.),(1600.,-600.,900.),(1600.,-600.,850.),(1600.,0.,900.),(1600.,-580.,0.),(1600.,0.,0.),(1600.,-580.,850.),(0.,-600.,850.),(0.,-580.,850.),(1600.,-600.,850.)));
#128=IFCSTYLEDITEM(#126,(#131),$);
#129=IFCSURFACESTYLERENDERING(#130,0.,$,$,$,$,$,$,.NOTDEFINED.);
#130=IFCCOLOURRGB($,1.,1.,1.);
#131=IFCSURFACESTYLE('wood_mdf_plate',.BOTH.,(#129));
#132=IFCPRODUCTDEFINITIONSHAPE($,$,(#125));
#133=IFCSPACETYPE('30wkH7SyH7gvhogulgnDi9',#1,'house - entry hall','A welcoming entry hall, the first impression of the home.',$,$,$,'884735','hallway',.NOTDEFINED.,'entry hall');
#134=IFCRELDEFINESBYTYPE('1F9yKAe29AmeFH3cbwlo3g',#1,$,$,(#135),#133);
#135=IFCSPACE('18QhMtUIXBvQktPHXXxs7H',#1,'entry hall','A welcoming entry hall, the first impression of the home.','hallway',#136,#155,'entry hall',.ELEMENT.,$,0.);
#136=IFCLOCALPLACEMENT(#47,#137);
#137=IFCAXIS2PLACEMENT3D(#138,#139,#140);
#138=IFCCARTESIANPOINT((200.,200.,0.));
#139=IFCDIRECTION((0.,0.,1.));
#140=IFCDIRECTION((1.,0.,0.));
#141=IFCSHAPEREPRESENTATION(#12,'Body','SweptSolid',(#142));
#142=IFCEXTRUDEDAREASOLID(#152,#143,#153,2200.);
#143=IFCAXIS2PLACEMENT3D(#144,#145,#146);
#144=IFCCARTESIANPOINT((0.,0.,0.));
#145=IFCDIRECTION((0.,0.,1.));
#146=IFCDIRECTION((1.,0.,0.));
#147=IFCCARTESIANPOINT((3800.,1600.));
#148=IFCCARTESIANPOINT((3800.,0.));
#149=IFCCARTESIANPOINT((0.,0.));
#150=IFCCARTESIANPOINT((0.,1600.));
#151=IFCPOLYLINE((#147,#148,#149,#150));
#152=IFCARBITRARYCLOSEDPROFILEDEF(.AREA.,$,#151);
#153=IFCDIRECTION((-6.0706187551576533E-15,-1.8375927042639384E-14,1.));
#154=IFCSTYLEDITEM(#142,(#112),$);
#155=IFCPRODUCTDEFINITIONSHAPE($,$,(#141));
#156=IFCWALLTYPE('2YJwrhcCv9v8UXU8cWK40m',#1,'house - outer wall - house right front','A solid outer wall, forming the right front side of the house.',$,$,$,'919456','solidwall',.SOLIDWALL.);
#157=IFCRELDEFINESBYTYPE('1f7McSpvb6CvSSdrUtEsXW',#1,$,$,(#158),#156);
#158=IFCWALL('1AQAupaRP1txwK1AGiN61V',#1,'house - outer wall - house right front (rev B)','A solid outer wall, forming the right front side of the house.','solidwall',#167,#179,'454425.1027891.979946.932083.920023',$);
#159=IFCRELASSOCIATESMATERIAL('0sAYN8OJzFKu1rNoJBdSki',#400,$,$,(#201,#158,#220),#160);
#160=IFCMATERIAL('stone_sand-lime',$,$);
#161=IFCQUANTITYVOLUME('NetVolume',$,$,1.3961914287899384,$);
#162=IFCQUANTITYLENGTH('Width',$,$,200.,$);
#163=IFCQUANTITYLENGTH('Length',$,$,1800.,$);
#164=IFCQUANTITYAREA('NetSideArea',$,$,6.3463246763178782,$);
#165=IFCELEMENTQUANTITY('1cYk37bPjCD8QG89AnsgQx',#1,'Qto_WallBaseQuantities',$,'BaseQuantities',(#161,#162,#163,#164));
#166=IFCRELDEFINESBYPROPERTIES('1l9TegbnXAEhTJu9szsXnn',#1,$,$,(#158),#165);
#167=IFCLOCALPLACEMENT(#47,#168);
#168=IFCAXIS2PLACEMENT3D(#169,#170,#171);
#169=IFCCARTESIANPOINT((4100.,1800.,0.));
#170=IFCDIRECTION((3.6683799282051969E-30,3.2836943041225645E-15,1.));
#171=IFCDIRECTION((2.5272447978365648E-14,-1.,3.2836943041225645E-15));
#172=IFCSHAPEREPRESENTATION(#12,'Body','Tessellation',(#173));
#173=IFCTRIANGULATEDFACESET(#174,((2.9016906473800911E-15,1.,1.7104102324937409E-28),(2.9016906473800911E-15,1.,1.7104102324937409E-28),(2.9016906473800911E-15,1.,1.7104102324937409E-28),(2.9016906473800911E-15,1.,1.7104102324937409E-28),(-1.7881352602674811E-14,-1.,-1.6924142249500389E-15),(-1.7881352602674811E-14,-1.,-1.6924142249500389E-15),(-1.7881352602674811E-14,-1.,-1.6924142249500389E-15),(-1.7881352602674811E-14,-1.,-1.6924142249500389E-15),(-1.,-1.4339146622680647E-15,2.935647164503433E-15),(-1.,-1.4339146622680647E-15,2.935647164503433E-15),(-1.,-1.4339146622680647E-15,2.935647164503433E-15),(-1.,-1.4339146622680647E-15,2.935647164503433E-15),(-2.4264244934280511E-15,-7.4447115139252377E-15,-1.),(-2.4264244934280511E-15,-7.4447115139252377E-15,-1.),(-2.4264244934280511E-15,-7.4447115139252377E-15,-1.),(-2.4264244934280511E-15,-7.4447115139252377E-15,-1.),(9.0961989855791666E-15,0.70710678118656412,0.70710678118653103),(9.0961989855791666E-15,0.70710678118656412,0.70710678118653103),(9.0961989855791666E-15,0.70710678118656412,0.70710678118653103),(9.0961989855791666E-15,0.70710678118656412,0.70710678118653103),(1.,-7.699392002162405E-14,-1.1467303705476875E-14),(1.,-7.699392002162405E-14,-1.1467303705476875E-14),(1.,-7.699392002162405E-14,-1.1467303705476875E-14),(1.,-7.699392002162405E-14,-1.1467303705476875E-14)),$,((1,2,3),(2,1,4),(5,6,7),(6,5,8),(9,10,11),(10,9,12),(13,14,15),(14,13,16),(17,18,19),(18,17,20),(21,22,23),(22,21,24)),$);
#174=IFCCARTESIANPOINTLIST3D(((0.,100.,3175.7359999999999),(1800.,100.,-250.),(0.,100.,-250.),(1800.,100.,3175.7359999999999),(1800.,-100.,3375.7359999999999),(0.,-100.,-250.),(1800.,-100.,-250.),(0.,-100.,3375.7359999999999),(0.,100.,3175.7359999999999),(0.,-100.,-250.),(0.,-100.,3375.7359999999999),(0.,100.,-250.),(1800.,100.,-250.),(0.,-100.,-250.),(0.,100.,-250.),(1800.,-100.,-250.),(0.,100.,3175.7359999999999),(1800.,-100.,3375.7359999999999),(1800.,100.,3175.7359999999999),(0.,-100.,3375.7359999999999),(1800.,100.,-250.),(1800.,-100.,3375.7359999999999),(1800.,-100.,-250.),(1800.,100.,3175.7359999999999)));
#175=IFCSTYLEDITEM(#173,(#178),$);
#176=IFCSURFACESTYLERENDERING(#177,0.,$,$,$,$,$,$,.NOTDEFINED.);
#177=IFCCOLOURRGB($,1.,1.,1.);
#178=IFCSURFACESTYLE('stone_sand-lime',.BOTH.,(#176));
#179=IFCPRODUCTDEFINITIONSHAPE($,$,(#172));
#180=IFCWALLTYPE('1t790TYSH528FFF32MjoC5',#1,'house - outer wall - house right back','A solid outer wall, forming the right back side of the house.',$,$,$,'919483','solidwall',.SOLIDWALL.);
#199=IFCWALLTYPE('3zoiwePjTDQAyswDZcvJRA',#1,'house - outer wall - house left','A solid outer wall, forming the left side of the house.',$,$,$,'919429','solidwall',.SOLIDWALL.);
#200=IFCRELDEFINESBYTYPE('3EfLxcz4z2gvxxH9$AIOIS',#1,$,$,(#201),#199);
#201=IFCWALL('0OfZwWc8j9QP5uX8xPTxDH',#1,'house - outer wall - house left (rev B)','A solid outer wall, forming the left side of the house.','solidwall',#208,#217,'454425.1027891.979946.932083.920032',$);
#202=IFCQUANTITYVOLUME('NetVolume',$,$,4.6539714293004781,$);
#203=IFCQUANTITYLENGTH('Width',$,$,200.,$);
#204=IFCQUANTITYLENGTH('Length',$,$,6000.,$);
#205=IFCQUANTITYAREA('NetSideArea',$,$,21.154415587728412,$);
#206=IFCELEMENTQUANTITY('3j9EEnVPHDIBkUdsJxWtnf',#1,'Qto_WallBaseQuantities',$,'BaseQuantities',(#202,#203,#204,#205));
#207=IFCRELDEFINESBYPROPERTIES('144Ocp7RjAce1GnVbjfApT',#1,$,$,(#201),#206);
#208=IFCLOCALPLACEMENT(#47,#209);
#209=IFCAXIS2PLACEMENT3D(#210,#211,#212);
#210=IFCCARTESIANPOINT((100.,0.,0.));
#211=IFCDIRECTION((0.,0.,1.));
#212=IFCDIRECTION((1.3173934614068503E-15,1.,0.));
#213=IFCSHAPEREPRESENTATION(#12,'Body','Tessellation',(#214));
#214=IFCTRIANGULATEDFACESET(#215,((-1.263727097537922E-16,-1.,-5.9110055650836812E-17),(-1.263727097537922E-16,-1.,-5.9110055650836812E-17),(-1.263727097537922E-16,-1.,-5.9110055650836812E-17),(-1.263727097537922E-16,-1.,-5.9110055650836812E-17),(1.,-1.281325403525711E-13,5.6697522146347431E-15),(1.,-1.281325403525711E-13,5.6697522146347431E-15),(1.,-1.281325403525711E-13,5.6697522146347431E-15),(1.,-1.281325403525711E-13,5.6697522146347431E-15),(-3.2075289826849351E-19,1.,0.),(-3.2075289826849351E-19,1.,0.),(-3.2075289826849351E-19,1.,0.),(-3.2075289826849351E-19,1.,0.),(4.3239486065734381E-16,5.6399329650952766E-16,-1.),(4.3239486065734381E-16,5.6399329650952766E-16,-1.),(4.3239486065734381E-16,5.6399329650952766E-16,-1.),(4.3239486065734381E-16,5.6399329650952766E-16,-1.),(-1.6743428581524501E-16,0.70710678118652903,0.70710678118656611),(-1.6743428581524501E-16,0.70710678118652903,0.70710678118656611),(-1.6743428581524501E-16,0.70710678118652903,0.70710678118656611),(-1.6743428581524501E-16,0.70710678118652903,0.70710678118656611),(-1.,-9.8999978695431096E-14,-8.1591194204211153E-15),(-1.,-9.8999978695431096E-14,-8.1591194204211153E-15),(-1.,-9.8999978695431096E-14,-8.1591194204211153E-15),(-1.,-9.8999978695431096E-14,-8.1591194204211153E-15)),$,((1,2,3),(2,1,4),(5,6,7),(6,5,8),(9,10,11),(10,9,12),(13,14,15),(14,13,16),(17,18,19),(18,17,20),(21,22,23),(22,21,24)),$);
#215=IFCCARTESIANPOINTLIST3D(((6000.,-100.,-250.),(0.,-100.,3375.7359999999999),(0.,-100.,-250.),(6000.,-100.,3375.7359999999999),(6000.,-100.,-250.),(6000.,100.,3175.7359999999999),(6000.,-100.,3375.7359999999999),(6000.,100.,-250.),(0.,100.,3175.7359999999999),(6000.,100.,-250.),(0.,100.,-250.),(6000.,100.,3175.7359999999999),(6000.,100.,-250.),(0.,-100.,-250.),(0.,100.,-250.),(6000.,-100.,-250.),(0.,-100.,3375.7359999999999),(6000.,100.,3175.7359999999999),(0.,100.,3175.7359999999999),(6000.,-100.,3375.7359999999999),(0.,100.,3175.7359999999999),(0.,-100.,-250.),(0.,-100.,3375.7359999999999),(0.,100.,-250.)));
#216=IFCSTYLEDITEM(#214,(#178),$);
#217=IFCPRODUCTDEFINITIONSHAPE($,$,(#213));
#218=IFCCHIMNEYTYPE('2vWR$XNSf2qhsAEJMXcZLU',#1,'house - chimney','A chimney, standing tall and proud, guiding smoke away from the home.',$,$,$,'884350','flue',.USERDEFINED.);
#219=IFCRELDEFINESBYTYPE('22pEICzjP0uQNvM7rXMZ6g',#1,$,$,(#220),#218);
#220=IFCCHIMNEY('3Fbgsvr8nAYfGs9y5keub0',#1,'house - chimney','A chimney, standing tall and proud, guiding smoke away from the home.','flue',#221,$,'454425.1027891.979946.932083.2023772',$);
#221=IFCLOCALPLACEMENT(#47,#222);
#222=IFCAXIS2PLACEMENT3D(#399,#224,#225);
#223=IFCCARTESIANPOINT((4700.,5300.,0.));
#224=IFCDIRECTION((0.,0.,1.));
#225=IFCDIRECTION((-1.3173934614068503E-15,-1.,0.));
#226=IFCWALLTYPE('2S9_r4C7nDjgFt_4z9uegR',#1,'plumbing wall','A wall designed to house and protect plumbing systems, keeping the pipes snug and secure.',$,$,$,'880192','plumbingwall',.PLUMBINGWALL.);
#227=IFCRELDEFINESBYTYPE('2zGea7oBbB_PNczYvvtC0B',#1,$,$,(#228,#379),#226);
#228=IFCWALL('0Q5LjisRjDwhFSOc_WQjlF',#1,'plumbing wall','A wall designed to house and protect plumbing systems, keeping the pipes snug and secure.','plumbingwall',#237,#249,'454425.1027891.979946.932083.2037918.920027',$);
#229=IFCRELASSOCIATESMATERIAL('1eEeFE5_HCcQXkHLD$AhF4',#1,$,$,(#228,#379),#230);
#230=IFCMATERIAL('gypsum_fiber-board_panel',$,$);
#231=IFCQUANTITYVOLUME('NetVolume',$,$,0.16470195328802131,$);
#232=IFCQUANTITYLENGTH('Width',$,$,24.,$);
#233=IFCQUANTITYLENGTH('Length',$,$,3800.,$);
#234=IFCQUANTITYAREA('NetSideArea',$,$,6.8625813869772649,$);
#235=IFCELEMENTQUANTITY('1nSBkRen9FPBns1FwcHFeS',#1,'Qto_WallBaseQuantities',$,'BaseQuantities',(#231,#232,#233,#234));
#236=IFCRELDEFINESBYPROPERTIES('2miw564v1A1uSGIg$CkZQq',#1,$,$,(#228),#235);
#237=IFCLOCALPLACEMENT(#47,#238);
#238=IFCAXIS2PLACEMENT3D(#239,#240,#241);
#239=IFCCARTESIANPOINT((5400.,5800.,0.));
#240=IFCDIRECTION((0.,0.,1.));
#241=IFCDIRECTION((-1.3173934614068503E-15,-1.,0.));
#242=IFCSHAPEREPRESENTATION(#12,'Body','Tessellation',(#243));
#243=IFCTRIANGULATEDFACESET(#244,((5.0759717332464957E-16,5.472814749700968E-14,-1.),(5.0759717332464957E-16,5.472814749700968E-14,-1.),(5.0759717332464957E-16,5.472814749700968E-14,-1.),(5.0759717332464957E-16,5.472814749700968E-14,-1.),(-3.3160286406683378E-15,0.70710678118649173,0.70710678118660331),(-3.3160286406683378E-15,0.70710678118649173,0.70710678118660331),(-3.3160286406683378E-15,0.70710678118649173,0.70710678118660331),(-3.3160286406683378E-15,0.70710678118649173,0.70710678118660331),(5.1785106540148734E-15,1.0939179906803554E-13,-1.),(5.1785106540148734E-15,1.0939179906803554E-13,-1.),(5.1785106540148734E-15,1.0939179906803554E-13,-1.),(5.1785106540148734E-15,1.0939179906803554E-13,-1.),(1.1928109842900645E-30,-1.,-1.9785184743809532E-14),(1.1928109842900645E-30,-1.,-1.9785184743809532E-14),(1.1928109842900645E-30,-1.,-1.9785184743809532E-14),(1.1928109842900645E-30,-1.,-1.9785184743809532E-14),(1.,1.0631635464886396E-15,1.0246502496644683E-14),(1.,1.0631635464886396E-15,1.0246502496644683E-14),(1.,1.0631635464886396E-15,1.0246502496644683E-14),(1.,1.0631635464886396E-15,1.0246502496644683E-14),(1.,2.8758904500934692E-15,1.3754869910452968E-15),(1.,2.8758904500934692E-15,1.3754869910452968E-15),(1.,2.8758904500934692E-15,1.3754869910452968E-15),(1.,2.8758904500934692E-15,1.3754869910452968E-15),(-1.2759710407406468E-15,0.70710678118639336,0.70710678118670167),(-1.2759710407406468E-15,0.70710678118639336,0.70710678118670167),(-1.2759710407406468E-15,0.70710678118639336,0.70710678118670167),(-1.2759710407406468E-15,0.70710678118639336,0.70710678118670167),(-5.6382965221824318E-31,-1.,-2.3028657652630297E-14),(-5.6382965221824318E-31,-1.,-2.3028657652630297E-14),(-5.6382965221824318E-31,-1.,-2.3028657652630297E-14),(-5.6382965221824318E-31,-1.,-2.3028657652630297E-14),(-1.,-2.0012341775028961E-14,-9.945041069530269E-15),(-1.,-2.0012341775028961E-14,-9.945041069530269E-15),(-1.,-2.0012341775028961E-14,-9.945041069530269E-15),(-1.,-2.0012341775028961E-14,-9.945041069530269E-15),(0.,1.,0.),(0.,1.,0.),(0.,1.,0.),(0.,1.,0.),(-1.,2.9589614798649126E-14,-9.8005536372058026E-16),(-1.,2.9589614798649126E-14,-9.8005536372058026E-16),(-1.,2.9589614798649126E-14,-9.8005536372058026E-16),(-1.,2.9589614798649126E-14,-9.8005536372058026E-16),(-2.7765823828164537E-15,1.,-2.7949379008107385E-30),(-2.7765823828164537E-15,1.,-2.7949379008107385E-30),(-2.7765823828164537E-15,1.,-2.7949379008107385E-30),(-2.7765823828164537E-15,1.,-2.7949379008107385E-30)),$,((1,2,3),(2,1,4),(5,6,7),(6,5,8),(9,10,11),(10,9,12),(13,14,15),(14,13,16),(17,18,19),(18,17,20),(21,22,23),(22,21,24),(25,26,27),(26,25,28),(29,30,31),(30,29,32),(33,34,35),(34,33,36),(37,38,39),(38,37,40),(41,42,43),(42,41,44),(45,46,47),(46,45,48)),$);
#244=IFCCARTESIANPOINTLIST3D(((3800.,-226.,0.),(1200.,-250.,0.),(1200.,-226.,0.),(3800.,-250.,0.),(0.,-250.,2225.7359999999999),(500.,-226.,2201.7359999999999),(0.,-226.,2201.7359999999999),(500.,-250.,2225.7359999999999),(500.,-226.,0.),(0.,-250.,0.),(0.,-226.,0.),(500.,-250.,0.),(500.,-250.,2225.7359999999999),(0.,-250.,0.),(500.,-250.,0.),(0.,-250.,2225.7359999999999),(500.,-250.,0.),(500.,-226.,2201.7359999999999),(500.,-250.,2225.7359999999999),(500.,-226.,0.),(3800.,-250.,0.),(3800.,-226.,2201.7359999999999),(3800.,-250.,2225.7359999999999),(3800.,-226.,0.),(3800.,-250.,2225.7359999999999),(1200.,-226.,2201.7359999999999),(1200.,-250.,2225.7359999999999),(3800.,-226.,2201.7359999999999),(3800.,-250.,2225.7359999999999),(1200.,-250.,0.),(3800.,-250.,0.),(1200.,-250.,2225.7359999999999),(0.,-226.,2201.7359999999999),(0.,-250.,0.),(0.,-250.,2225.7359999999999),(0.,-226.,0.),(0.,-226.,2201.7359999999999),(500.,-226.,0.),(0.,-226.,0.),(500.,-226.,2201.7359999999999),(1200.,-226.,2201.7359999999999),(1200.,-250.,0.),(1200.,-250.,2225.7359999999999),(1200.,-226.,0.),(1200.,-226.,2201.7359999999999),(3800.,-226.,0.),(1200.,-226.,0.),(3800.,-226.,2201.7359999999999)));
#245=IFCSTYLEDITEM(#243,(#248),$);
#246=IFCSURFACESTYLERENDERING(#247,0.,$,$,$,$,$,$,.NOTDEFINED.);
#247=IFCCOLOURRGB($,1.,1.,1.);
#248=IFCSURFACESTYLE('gypsum_fiber-board_panel',.BOTH.,(#246));
#249=IFCPRODUCTDEFINITIONSHAPE($,$,(#242));
#250=IFCROOFTYPE('0GE$iSXKL8jAEeHi$mszPq',#1,'house - roof','A sturdy roof, sheltering the house from the elements.',$,$,$,'902509','gable_roof',.GABLE_ROOF.);
#251=IFCRELDEFINESBYTYPE('3vwqwSGfL8LeMOHvcbNbYk',#1,$,$,(#252),#250);
#252=IFCROOF('2iPwJwpPDCSgMheXwk9cBT',#1,'house - roof','A sturdy roof, sheltering the house from the elements.','gable_roof',#254,$,'454425.1027891.979946.932084',$);
#253=IFCRELCONTAINEDINSPATIALSTRUCTURE('1JoEmCNtv6tfeP8yu4kUFS',#1,$,$,(#252,#303,#319,#372),#28);
#254=IFCLOCALPLACEMENT(#30,#255);
#255=IFCAXIS2PLACEMENT3D(#256,#257,#258);
#256=IFCCARTESIANPOINT((-2800.,-2800.,3100.));
#257=IFCDIRECTION((0.,0.,1.));
#258=IFCDIRECTION((1.,0.,0.));
#259=IFCSLABTYPE('3eOsEo1q1CHfDNvWsh3ksD',#1,'house - roof - slab left','A roof slab that''s got it all covered',$,$,$,'880245','roof',.ROOF.);
#260=IFCRELDEFINESBYTYPE('2i47udZl5BLfVbbW8mvEps',#1,$,$,(#261),#259);
#261=IFCSLAB('0ZTBBPo6f6bxqV2K7Oelrq',#1,'house - roof - slab left','A roof slab that''s got it all covered','roof',#270,#282,'454425.1027891.979946.932084.902510',$);
#262=IFCRELASSOCIATESMATERIAL('1Tyvz$43XCrgyBJnA9othY',#1,$,$,(#261,#285),#263);
#263=IFCMATERIAL('composite_element_roof',$,$);
#264=IFCQUANTITYVOLUME('NetVolume',$,$,6.7203428483965997,$);
#265=IFCQUANTITYLENGTH('Depth',$,$,300.,$);
#266=IFCQUANTITYAREA('NetArea',$,$,22.40114282797721,$);
#267=IFCELEMENTQUANTITY('0gNyi54Zr1khdYtM_Gl1j7',#1,'Qto_SlabBaseQuantities',$,'BaseQuantities',(#264,#265,#266));
#268=IFCRELDEFINESBYPROPERTIES('0fjwH74g54vQdEi1FuLhJV',#1,$,$,(#261),#267);
#269=IFCRELAGGREGATES('2iibGpghfAYxr5D8bYzotN',#1,'house - roof container',$,#252,(#261,#285));
#270=IFCLOCALPLACEMENT(#254,#271);
#271=IFCAXIS2PLACEMENT3D(#272,#273,#274);
#272=IFCCARTESIANPOINT((2100.,6000.,3475.7359999999999));
#273=IFCDIRECTION((-0.70710678118653203,-1.5343992092947548E-15,0.70710678118656312));
#274=IFCDIRECTION((8.4015841859167135E-15,-1.,6.2316160140371961E-15));
#275=IFCSHAPEREPRESENTATION(#12,'Body','Tessellation',(#276));
#276=IFCTRIANGULATEDFACESET(#277,((-1.0319670377555575E-14,-1.4432899320127035E-14,1.),(-1.0319670377555575E-14,-1.4432899320127035E-14,1.),(-1.0319670377555575E-14,-1.4432899320127035E-14,1.),(-1.0319670377555575E-14,-1.4432899320127035E-14,1.),(1.1873982612030798E-14,1.3822276656583199E-14,-1.),(1.1873982612030798E-14,1.3822276656583199E-14,-1.),(1.1873982612030798E-14,1.3822276656583199E-14,-1.),(1.1873982612030798E-14,1.3822276656583199E-14,-1.),(1.,-3.5667292654796704E-15,1.2788136056005132E-13),(1.,-3.5667292654796704E-15,1.2788136056005132E-13),(1.,-3.5667292654796704E-15,1.2788136056005132E-13),(1.,-3.5667292654796704E-15,1.2788136056005132E-13),(7.9662145178058857E-15,0.70710678118658443,-0.7071067811865106),(7.9662145178058857E-15,0.70710678118658443,-0.7071067811865106),(7.9662145178058857E-15,0.70710678118658443,-0.7071067811865106),(7.9662145178058857E-15,0.70710678118658443,-0.7071067811865106),(-1.,-9.57196467548433E-16,-8.4281952434420826E-14),(-1.,-9.57196467548433E-16,-8.4281952434420826E-14),(-1.,-9.57196467548433E-16,-8.4281952434420826E-14),(-1.,-9.57196467548433E-16,-8.4281952434420826E-14),(-4.9131012000867706E-15,-0.70710678118657955,0.70710678118651549),(-4.9131012000867706E-15,-0.70710678118657955,0.70710678118651549),(-4.9131012000867706E-15,-0.70710678118657955,0.70710678118651549),(-4.9131012000867706E-15,-0.70710678118657955,0.70710678118651549)),$,((1,2,3),(2,1,4),(5,6,7),(6,5,8),(9,10,11),(10,9,12),(13,14,15),(14,13,16),(17,18,19),(18,17,20),(21,22,23),(22,21,24)),$);
#277=IFCCARTESIANPOINTLIST3D(((6300.,-3094.1129999999998,300.),(-300.,300.,300.),(-300.,-3094.1129999999998,300.),(6300.,300.,300.),(6300.,0.,0.),(-300.,-3394.1129999999998,0.),(-300.,0.,0.),(6300.,-3394.1129999999998,0.),(6300.,0.,0.),(6300.,-3094.1129999999998,300.),(6300.,-3394.1129999999998,0.),(6300.,300.,300.),(-300.,300.,300.),(6300.,0.,0.),(-300.,0.,0.),(6300.,300.,300.),(-300.,-3094.1129999999998,300.),(-300.,0.,0.),(-300.,-3394.1129999999998,0.),(-300.,300.,300.),(6300.,-3394.1129999999998,0.),(-300.,-3094.1129999999998,300.),(-300.,-3394.1129999999998,0.),(6300.,-3094.1129999999998,300.)));
#278=IFCSTYLEDITEM(#276,(#281),$);
#279=IFCSURFACESTYLERENDERING(#280,0.,$,$,$,$,$,$,.NOTDEFINED.);
#280=IFCCOLOURRGB($,0.96470588235294119,0.68627450980392157,0.49803921568627452);
#281=IFCSURFACESTYLE('composite_element_roof',.BOTH.,(#279));
#282=IFCPRODUCTDEFINITIONSHAPE($,$,(#275));
#283=IFCSLABTYPE('3n9C2OuJjE89DiYlOaoccO',#1,'house - roof - slab right','A roof slab that''s got it all covered',$,$,$,'883786','roof',.ROOF.);
#284=IFCRELDEFINESBYTYPE('2LggWrf0b8BBbNxz_kRjsN',#1,$,$,(#285),#283);
#285=IFCSLAB('12UVOn4wvAJPMUExKdZLb8',#1,'house - roof - slab right','A roof slab that''s got it all covered','roof',#291,#300,'454425.1027891.979946.932084.902511',$);
#286=IFCQUANTITYVOLUME('NetVolume',$,$,9.3635079964718866,$);
#287=IFCQUANTITYLENGTH('Depth',$,$,300.,$);
#288=IFCQUANTITYAREA('NetArea',$,$,31.211693321568941,$);
#289=IFCELEMENTQUANTITY('3xJ9a9tQn29QQjVHSb0r6h',#1,'Qto_SlabBaseQuantities',$,'BaseQuantities',(#286,#287,#288));
#290=IFCRELDEFINESBYPROPERTIES('1SDEhjPn94WeDGTHCJXe9x',#1,$,$,(#285),#289);
#291=IFCLOCALPLACEMENT(#254,#292);
#292=IFCAXIS2PLACEMENT3D(#398,#294,#295);
#293=IFCCARTESIANPOINT((2100.,0.,3475.7359999999999));
#294=IFCDIRECTION((0.70710678118654047,1.3827840298789288E-14,0.70710678118655468));
#295=IFCDIRECTION((-2.4753998211211551E-15,1.,-1.7080119467755738E-14));
#296=IFCSHAPEREPRESENTATION(#12,'Body','Tessellation',(#297));
#297=IFCTRIANGULATEDFACESET(#298,((-1.,5.5514171369299738E-16,1.1254168365666099E-13),(-1.,5.5514171369299738E-16,1.1254168365666099E-13),(-1.,5.5514171369299738E-16,1.1254168365666099E-13),(-1.,5.5514171369299738E-16,1.1254168365666099E-13),(-2.5448519763173809E-16,0.70710678118657577,-0.70710678118651948),(-2.5448519763173809E-16,0.70710678118657577,-0.70710678118651948),(-2.5448519763173809E-16,0.70710678118657577,-0.70710678118651948),(-2.5448519763173809E-16,0.70710678118657577,-0.70710678118651948),(1.8276216453997237E-15,-8.9372953482325102E-15,1.),(1.8276216453997237E-15,-8.9372953482325102E-15,1.),(1.8276216453997237E-15,-8.9372953482325102E-15,1.),(1.8276216453997237E-15,-8.9372953482325102E-15,1.),(1.8276216453997237E-15,-8.9372953482325102E-15,1.),(1.8276216453997237E-15,-8.9372953482325102E-15,1.),(1.8276216453997237E-15,-8.9372953482325102E-15,1.),(1.8276216453997237E-15,-8.9372953482325102E-15,1.),(1.8276216453997237E-15,-8.9372953482325102E-15,1.),(1.8276216453997237E-15,-8.9372953482325102E-15,1.),(-1.,-1.2886477620368146E-14,-7.2576399503650148E-15),(-1.,-1.2886477620368146E-14,-7.2576399503650148E-15),(-1.,-1.2886477620368146E-14,-7.2576399503650148E-15),(-1.,-1.2886477620368146E-14,-7.2576399503650148E-15),(-7.1182491747238444E-15,3.4972025275692431E-15,-1.),(-7.1182491747238444E-15,3.4972025275692431E-15,-1.),(-7.1182491747238444E-15,3.4972025275692431E-15,-1.),(-7.1182491747238444E-15,3.4972025275692431E-15,-1.),(-7.1182491747238444E-15,3.4972025275692431E-15,-1.),(-7.1182491747238444E-15,3.4972025275692431E-15,-1.),(-7.1182491747238444E-15,3.4972025275692431E-15,-1.),(-7.1182491747238444E-15,3.4972025275692431E-15,-1.),(-7.1182491747238444E-15,3.4972025275692431E-15,-1.),(-7.1182491747238444E-15,3.4972025275692431E-15,-1.),(1.,5.1143074561679225E-15,-6.1974074635541432E-14),(1.,5.1143074561679225E-15,-6.1974074635541432E-14),(1.,5.1143074561679225E-15,-6.1974074635541432E-14),(1.,5.1143074561679225E-15,-6.1974074635541432E-14),(1.2411427317276563E-14,-0.70710678118654158,0.70710678118655346),(1.2411427317276563E-14,-0.70710678118654158,0.70710678118655346),(1.2411427317276563E-14,-0.70710678118654158,0.70710678118655346),(1.2411427317276563E-14,-0.70710678118654158,0.70710678118655346),(-3.3404564307013487E-15,-0.70710678118654491,0.70710678118655013),(-3.3404564307013487E-15,-0.70710678118654491,0.70710678118655013),(-3.3404564307013487E-15,-0.70710678118654491,0.70710678118655013),(-3.3404564307013487E-15,-0.70710678118654491,0.70710678118655013),(-5.9072525890382881E-15,-0.70710678118655446,0.70710678118654058),(-5.9072525890382881E-15,-0.70710678118655446,0.70710678118654058),(-5.9072525890382881E-15,-0.70710678118655446,0.70710678118654058),(-5.9072525890382881E-15,-0.70710678118655446,0.70710678118654058),(6.9385546169415151E-15,0.70710678118655446,-0.70710678118654058),(6.9385546169415151E-15,0.70710678118655446,-0.70710678118654058),(6.9385546169415151E-15,0.70710678118655446,-0.70710678118654058),(6.9385546169415151E-15,0.70710678118655446,-0.70710678118654058),(1.,4.5002100604777419E-15,4.8152362172709921E-15),(1.,4.5002100604777419E-15,4.8152362172709921E-15),(1.,4.5002100604777419E-15,4.8152362172709921E-15),(1.,4.5002100604777419E-15,4.8152362172709921E-15),(-1.,-4.5002100604777466E-15,-4.8152362172711373E-15),(-1.,-4.5002100604777466E-15,-4.8152362172711373E-15),(-1.,-4.5002100604777466E-15,-4.8152362172711373E-15),(-1.,-4.5002100604777466E-15,-4.8152362172711373E-15)),$,((1,2,3),(2,1,4),(5,6,7),(6,5,8),(9,10,11),(10,9,12),(10,12,13),(13,12,14),(15,16,17),(16,15,14),(14,15,9),(14,9,11),(14,11,18),(14,18,13),(19,20,21),(20,19,22),(23,24,25),(24,23,26),(24,26,27),(27,26,28),(28,26,29),(29,26,30),(27,31,32),(31,27,28),(32,31,30),(32,30,26),(33,34,35),(34,33,36),(37,38,39),(38,37,40),(41,42,43),(42,41,44),(45,46,47),(46,45,48),(49,50,51),(50,49,52),(53,54,55),(54,53,56),(57,58,59),(58,57,60)),$);
#298=IFCCARTESIANPOINTLIST3D(((-300.,-3094.1129999999998,300.),(-300.,0.,0.),(-300.,-3394.1129999999998,0.),(-300.,300.,300.),(-300.,0.,0.),(6300.,300.,300.),(6300.,0.,0.),(-300.,300.,300.),(1500.,-5074.0119999999997,300.),(4600.,-4366.9049999999997,300.),(4600.,-3376.9549999999999,300.),(6300.,-5074.0119999999997,300.),(5300.,-4366.9049999999997,300.),(6300.,300.,300.),(1500.,-3094.1129999999998,300.),(-300.,300.,300.),(-300.,-3094.1129999999998,300.),(5300.,-3376.9549999999999,300.),(1500.,-5074.0119999999997,300.),(1500.,-3394.1129999999998,0.),(1500.,-5374.0119999999997,0.),(1500.,-3094.1129999999998,300.),(-300.,0.,0.),(1500.,-3394.1129999999998,0.),(-300.,-3394.1129999999998,0.),(6300.,0.,0.),(1500.,-5374.0119999999997,0.),(4600.,-3676.9549999999999,0.),(5300.,-3676.9549999999999,0.),(5300.,-4666.9049999999997,0.),(4600.,-4666.9049999999997,0.),(6300.,-5374.0119999999997,0.),(6300.,0.,0.),(6300.,-5074.0119999999997,300.),(6300.,-5374.0119999999997,0.),(6300.,300.,300.),(1500.,-3394.1129999999998,0.),(-300.,-3094.1129999999998,300.),(-300.,-3394.1129999999998,0.),(1500.,-3094.1129999999998,300.),(1500.,-5374.0119999999997,0.),(6300.,-5074.0119999999997,300.),(1500.,-5074.0119999999997,300.),(6300.,-5374.0119999999997,0.),(5300.,-3376.9549999999999,300.),(4600.,-3676.9549999999999,0.),(5300.,-3676.9549999999999,0.),(4600.,-3376.9549999999999,300.),(4600.,-4666.9049999999997,0.),(5300.,-4366.9049999999997,300.),(5300.,-4666.9049999999997,0.),(4600.,-4366.9049999999997,300.),(4600.,-3676.9549999999999,0.),(4600.,-4366.9049999999997,300.),(4600.,-4666.9049999999997,0.),(4600.,-3376.9549999999999,300.),(5300.,-4366.9049999999997,300.),(5300.,-3676.9549999999999,0.),(5300.,-4666.9049999999997,0.),(5300.,-3376.9549999999999,300.)));
#299=IFCSTYLEDITEM(#297,(#281),$);
#300=IFCPRODUCTDEFINITIONSHAPE($,$,(#296));
#301=IFCSPATIALZONETYPE('02tV5cCF9FyA9D1O5nS04E',#1,'house - gross volume',$,$,$,$,'884737','gross volume',.USERDEFINED.,$);
#302=IFCRELDEFINESBYTYPE('0gNxHKqrn0uui2jga0HHAV',#1,$,$,(#303),#301);
#303=IFCSPATIALZONE('1yP7NInQz5uQzbiOpVFFJr',#1,'house - gross volume',$,'gross volume',#304,#316,$,$);
#304=IFCLOCALPLACEMENT(#30,#305);
#305=IFCAXIS2PLACEMENT3D(#306,#307,#308);
#306=IFCCARTESIANPOINT((-2800.,-2800.,1300.));
#307=IFCDIRECTION((0.,0.,1.));
#308=IFCDIRECTION((1.,0.,0.));
#309=IFCSHAPEREPRESENTATION(#12,'Body','Tessellation',(#310));
#310=IFCTRIANGULATEDFACESET(#311,((-0.70710678118654591,2.2010523126980766E-17,0.70710678118654924),(-0.70710678118654591,2.2010523126980766E-17,0.70710678118654924),(-0.70710678118654591,2.2010523126980766E-17,0.70710678118654924),(-0.70710678118654591,2.2010523126980766E-17,0.70710678118654924),(0.70710678118655257,1.4157207832392772E-14,0.70710678118654247),(0.70710678118655257,1.4157207832392772E-14,0.70710678118654247),(0.70710678118655257,1.4157207832392772E-14,0.70710678118654247),(0.70710678118655257,1.4157207832392772E-14,0.70710678118654247),(0.70710678118655257,1.4157207832392772E-14,0.70710678118654247),(0.70710678118655257,1.4157207832392772E-14,0.70710678118654247),(1.,2.5901853658387827E-14,9.9244867282883281E-29),(1.,2.5901853658387827E-14,9.9244867282883281E-29),(1.,2.5901853658387827E-14,9.9244867282883281E-29),(1.,2.5901853658387827E-14,9.9244867282883281E-29),(1.4251491698289922E-14,1.,5.7632358717794455E-15),(1.4251491698289922E-14,1.,5.7632358717794455E-15),(1.4251491698289922E-14,1.,5.7632358717794455E-15),(1.4251491698289922E-14,1.,5.7632358717794455E-15),(1.4251491698289922E-14,1.,5.7632358717794455E-15),(-1.,1.4874168143337451E-17,0.),(-1.,1.4874168143337451E-17,0.),(-1.,1.4874168143337451E-17,0.),(-1.,1.4874168143337451E-17,0.),(-3.1515459731211106E-14,-1.,8.5771653805812648E-16),(-3.1515459731211106E-14,-1.,8.5771653805812648E-16),(-3.1515459731211106E-14,-1.,8.5771653805812648E-16),(-3.1515459731211106E-14,-1.,8.5771653805812648E-16),(1.4874168143337451E-17,-1.,-1.2508890969868697E-14),(1.4874168143337451E-17,-1.,-1.2508890969868697E-14),(1.4874168143337451E-17,-1.,-1.2508890969868697E-14),(1.4874168143337451E-17,-1.,-1.2508890969868697E-14),(1.4874168143337451E-17,-1.,-1.2508890969868697E-14),(-3.9810668477170472E-16,1.6801652408367234E-15,-1.),(-3.9810668477170472E-16,1.6801652408367234E-15,-1.),(-3.9810668477170472E-16,1.6801652408367234E-15,-1.),(-3.9810668477170472E-16,1.6801652408367234E-15,-1.),(-3.9810668477170472E-16,1.6801652408367234E-15,-1.),(-3.9810668477170472E-16,1.6801652408367234E-15,-1.),(1.,5.3952700129426338E-14,-3.0079642480526301E-16),(1.,5.3952700129426338E-14,-3.0079642480526301E-16),(1.,5.3952700129426338E-14,-3.0079642480526301E-16),(1.,5.3952700129426338E-14,-3.0079642480526301E-16)),$,((1,2,3),(2,1,4),(5,6,7),(8,9,10),(9,8,6),(9,6,5),(11,12,13),(12,11,14),(15,16,17),(16,15,18),(18,15,19),(20,21,22),(21,20,23),(24,25,26),(25,24,27),(28,29,30),(29,28,31),(31,28,32),(33,34,35),(34,33,36),(35,37,38),(37,35,34),(39,40,41),(40,39,42)),$);
#311=IFCCARTESIANPOINTLIST3D(((2100.,0.,5700.),(0.,6000.,3600.),(0.,0.,3600.),(2100.,6000.,5700.),(5600.,6000.,2200.),(4200.,1800.,3600.),(5600.,1800.,2200.),(4200.,0.,3600.),(2100.,6000.,5700.),(2100.,0.,5700.),(4200.,0.,-300.),(4200.,1800.,3600.),(4200.,0.,3600.),(4200.,1800.,-300.),(0.,6000.,3600.),(5600.,6000.,-300.),(0.,6000.,-300.),(5600.,6000.,2200.),(2100.,6000.,5700.),(0.,6000.,3600.),(0.,0.,-300.),(0.,0.,3600.),(0.,6000.,-300.),(5600.,1800.,2200.),(4200.,1800.,-300.),(5600.,1800.,-300.),(4200.,1800.,3600.),(4200.,0.,3600.),(0.,0.,-300.),(4200.,0.,-300.),(0.,0.,3600.),(2100.,0.,5700.),(5600.,6000.,-300.),(4200.,1800.,-300.),(0.,6000.,-300.),(5600.,1800.,-300.),(4200.,0.,-300.),(0.,0.,-300.),(5600.,6000.,-300.),(5600.,1800.,2200.),(5600.,1800.,-300.),(5600.,6000.,2200.)));
#312=IFCSTYLEDITEM(#310,(#315),$);
#313=IFCSURFACESTYLERENDERING(#314,0.85098039215686272,$,$,$,$,$,$,.NOTDEFINED.);
#314=IFCCOLOURRGB($,0.,0.56862745098039214,0.);
#315=IFCSURFACESTYLE('virtual_spatial-zone',.BOTH.,(#313));
#316=IFCPRODUCTDEFINITIONSHAPE($,$,(#309));
#317=IFCBUILDINGELEMENTPROXYTYPE('3w6ICDipzDzBpAKGLlR62f',#1,'sand bedding','A layer of ground floor sand bedding, providing a stable base.',$,$,$,'884803','subgrade',.ELEMENT.);
#318=IFCRELDEFINESBYTYPE('1SihQ7wbb2zxRE28j$a1do',#1,$,$,(#319,#372),#317);
#319=IFCBUILDINGELEMENTPROXY('3_4VN63S96DfWiJjgG8j1C',#1,'sand bedding','A layer of ground floor sand bedding, providing a stable base.','subgrade',#322,#334,'454425.1027891.979946.932086',$);
#320=IFCRELASSOCIATESMATERIAL('1k8uxHQbjDqBL1HxU2VBqX',#1,$,$,(#319,#372),#321);
#321=IFCMATERIAL('bulk-material_sand-coarse_generic',$,$);
#322=IFCLOCALPLACEMENT(#30,#323);
#323=IFCAXIS2PLACEMENT3D(#324,#325,#326);
#324=IFCCARTESIANPOINT((-2800.,-2800.,1300.));
#325=IFCDIRECTION((0.,0.,1.));
#326=IFCDIRECTION((1.,0.,0.));
#327=IFCSHAPEREPRESENTATION(#12,'Body','Tessellation',(#328));
#328=IFCTRIANGULATEDFACESET(#329,((0.0075130224210549941,-0.00031244344452354084,-0.99997172803694556),(-0.048584062667170073,-0.012161989253673932,-0.99874504998630453),(-0.0051542162789003218,0.029584184639518177,-0.9995490033378881),(-0.0037090124062605424,-0.030760591939453481,-0.99951989935693863),(-0.052982925958976815,-0.0026296290062857441,-0.99859195601011885),(-0.048584062667170073,-0.012161989253673932,-0.99874504998630453),(0.0075130224210549941,-0.00031244344452354084,-0.99997172803694556),(0.03664424287006994,-0.074483658540118514,-0.99654873642735531),(-0.048584062667170073,-0.012161989253673932,-0.99874504998630453),(-0.048584062667170073,-0.012161989253673932,-0.99874504998630453),(-0.052982925958976815,-0.0026296290062857441,-0.99859195601011885),(-0.074754289762678797,0.048136087269970332,-0.99603951390716194),(0.03664424287006994,-0.074483658540118514,-0.99654873642735531),(-0.0037090124062605424,-0.030760591939453481,-0.99951989935693863),(-0.048584062667170073,-0.012161989253673932,-0.99874504998630453),(-0.048584062667170073,-0.012161989253673932,-0.99874504998630453),(-0.074754289762678797,0.048136087269970332,-0.99603951390716194),(-0.0051542162789003218,0.029584184639518177,-0.9995490033378881),(0.,0.,1.),(0.,0.,1.),(0.,0.,1.),(0.,0.,1.),(0.,0.,1.),(0.,0.,1.),(0.,0.,1.),(0.,0.,1.),(0.,0.,1.),(0.,0.,1.),(3.8673826046370475E-17,-3.3421824978346533E-17,-1.),(-0.074754289762678797,0.048136087269970332,-0.99603951390716194),(-0.052982925958976815,-0.0026296290062857441,-0.99859195601011885),(-0.0051542162789003218,0.029584184639518177,-0.9995490033378881),(3.8673826046370475E-17,-3.3421824978346533E-17,-1.),(0.0075130224210549941,-0.00031244344452354084,-0.99997172803694556),(3.8673826046370475E-17,-3.3421824978346533E-17,-1.),(-0.0037090124062605424,-0.030760591939453481,-0.99951989935693863),(3.8673826046370475E-17,-3.3421824978346533E-17,-1.),(0.03664424287006994,-0.074483658540118514,-0.99654873642735531),(2.56256138040125E-17,-1.238146701442686E-17,-1.),(2.56256138040125E-17,-1.238146701442686E-17,-1.),(2.56256138040125E-17,-1.238146701442686E-17,-1.),(2.56256138040125E-17,-1.238146701442686E-17,-1.),(2.56256138040125E-17,-1.238146701442686E-17,-1.),(2.56256138040125E-17,-1.238146701442686E-17,-1.),(-1.5985181432499936E-14,-1.,6.0159284961021627E-15),(-1.5985181432499936E-14,-1.,6.0159284961021627E-15),(-1.5985181432499936E-14,-1.,6.0159284961021627E-15),(-1.5985181432499936E-14,-1.,6.0159284961021627E-15),(-1.,1.9250971187527647E-14,-1.5039821240256474E-15),(-1.,1.9250971187527647E-14,-1.5039821240256474E-15),(-1.,1.9250971187527647E-14,-1.5039821240256474E-15),(-1.,1.9250971187527647E-14,-1.5039821240256474E-15),(1.0777106191588747E-14,1.,6.0159284961022458E-16),(1.0777106191588747E-14,1.,6.0159284961022458E-16),(1.0777106191588747E-14,1.,6.0159284961022458E-16),(1.0777106191588747E-14,1.,6.0159284961022458E-16),(-2.5782550697580924E-16,-1.,6.0159284961021817E-16),(-2.5782550697580924E-16,-1.,6.0159284961021817E-16),(-2.5782550697580924E-16,-1.,6.0159284961021817E-16),(-2.5782550697580924E-16,-1.,6.0159284961021817E-16),(-1.,-6.9741799636955192E-15,-1.0527874868178796E-15),(-1.,-6.9741799636955192E-15,-1.0527874868178796E-15),(-1.,-6.9741799636955192E-15,-1.0527874868178796E-15),(-1.,-6.9741799636955192E-15,-1.0527874868178796E-15),(1.,0.,0.),(1.,0.,0.),(1.,0.,0.),(1.,0.,0.),(-6.115014377214368E-15,1.,5.4573559046576526E-30),(-6.115014377214368E-15,1.,5.4573559046576526E-30),(-6.115014377214368E-15,1.,5.4573559046576526E-30),(-6.115014377214368E-15,1.,5.4573559046576526E-30),(1.,0.,0.),(1.,0.,0.),(1.,0.,0.),(1.,0.,0.),(1.,-6.2774906046281776E-16,-2.4063713984408723E-15),(1.,-6.2774906046281776E-16,-2.4063713984408723E-15),(1.,-6.2774906046281776E-16,-2.4063713984408723E-15),(1.,-6.2774906046281776E-16,-2.4063713984408723E-15),(-5.5531647656333058E-16,1.,-1.2031856992204359E-15),(-5.5531647656333058E-16,1.,-1.2031856992204359E-15),(-5.5531647656333058E-16,1.,-1.2031856992204359E-15),(-5.5531647656333058E-16,1.,-1.2031856992204359E-15)),$,((1,2,3),(4,5,6),(7,8,9),(10,11,12),(13,14,15),(16,17,18),(19,20,21),(20,19,22),(21,23,24),(23,21,20),(25,26,27),(26,25,28),(29,30,31),(30,29,32),(32,29,33),(32,33,34),(35,36,37),(36,35,29),(36,29,31),(37,36,38),(37,38,34),(37,34,33),(39,40,41),(40,39,42),(42,43,40),(43,42,44),(45,46,47),(46,45,48),(49,50,51),(50,49,52),(53,54,55),(54,53,56),(57,58,59),(58,57,60),(61,62,63),(62,61,64),(65,66,67),(66,65,68),(69,70,71),(70,69,72),(73,74,75),(74,73,76),(77,78,79),(78,77,80),(81,82,83),(82,81,84)),$);
#329=IFCCARTESIANPOINTLIST3D(((3662.3240000000001,800.,-550.),(2800.,800.,-598.69200000000001),(2800.,1248.1379999999999,-550.),(2800.,401.15300000000002,-550.),(2508.7710000000002,800.,-550.),(2800.,800.,-598.69200000000001),(3662.3240000000001,800.,-550.),(3034.54,565.46000000000004,-550.),(2800.,800.,-598.69200000000001),(2800.,800.,-598.69200000000001),(2508.7710000000002,800.,-550.),(2612.0459999999998,987.95399999999995,-550.),(3034.54,565.46000000000004,-550.),(2800.,401.15300000000002,-550.),(2800.,800.,-598.69200000000001),(2800.,800.,-598.69200000000001),(2612.0459999999998,987.95399999999995,-550.),(2800.,1248.1379999999999,-550.),(5250.,2150.,-250.),(4600.,4500.,-250.),(350.,2150.,-250.),(5250.,4500.,-250.),(4600.,5650.,-250.),(350.,5650.,-250.),(3850.,350.,-250.),(350.,1700.,-250.),(350.,350.,-250.),(3850.,1700.,-250.),(350.,1700.,-550.),(2612.0459999999998,987.95399999999995,-550.),(2508.7710000000002,800.,-550.),(2800.,1248.1379999999999,-550.),(3850.,1700.,-550.),(3662.3240000000001,800.,-550.),(350.,350.,-550.),(2800.,401.15300000000002,-550.),(3850.,350.,-550.),(3034.54,565.46000000000004,-550.),(4600.,5650.,-550.),(350.,2150.,-550.),(350.,5650.,-550.),(4600.,4500.,-550.),(5250.,2150.,-550.),(5250.,4500.,-550.),(3850.,350.,-550.),(350.,350.,-250.),(350.,350.,-550.),(3850.,350.,-250.),(350.,350.,-250.),(350.,1700.,-550.),(350.,350.,-550.),(350.,1700.,-250.),(350.,1700.,-250.),(3850.,1700.,-550.),(350.,1700.,-550.),(3850.,1700.,-250.),(5250.,2150.,-550.),(350.,2150.,-250.),(350.,2150.,-550.),(5250.,2150.,-250.),(350.,5650.,-250.),(350.,2150.,-550.),(350.,2150.,-250.),(350.,5650.,-550.),(3850.,1700.,-550.),(3850.,350.,-250.),(3850.,350.,-550.),(3850.,1700.,-250.),(350.,5650.,-250.),(4600.,5650.,-550.),(350.,5650.,-550.),(4600.,5650.,-250.),(5250.,4500.,-550.),(5250.,2150.,-250.),(5250.,2150.,-550.),(5250.,4500.,-250.),(4600.,5650.,-550.),(4600.,4500.,-250.),(4600.,4500.,-550.),(4600.,5650.,-250.),(4600.,4500.,-250.),(5250.,4500.,-550.),(4600.,4500.,-550.),(5250.,4500.,-250.)));
#330=IFCSTYLEDITEM(#328,(#333),$);
#331=IFCSURFACESTYLERENDERING(#332,0.,$,$,$,$,$,$,.NOTDEFINED.);
#332=IFCCOLOURRGB($,0.85882352941176465,0.77254901960784317,0.59607843137254901);
#333=IFCSURFACESTYLE('bulk-material_sand-coarse_generic',.BOTH.,(#331));
#334=IFCPRODUCTDEFINITIONSHAPE($,$,(#327));
#335=IFCBUILDINGELEMENTPROXYTYPE('3mjKLn_DjE4Beriey9bTvr',#1,'origin','The local position for coordination of aspect models.',$,$,$,'1028017','origin',.USERDEFINED.);
#339=IFCMATERIAL('virtual_white',$,$);
#349=IFCSURFACESTYLERENDERING(#350,0.,$,$,$,$,$,$,.NOTDEFINED.);
#350=IFCCOLOURRGB($,1.,1.,1.);
#351=IFCSURFACESTYLE('virtual_white',.BOTH.,(#349));
#353=IFCBUILDINGELEMENTPROXYTYPE('2IpkHFcdnD3xuZl6H52fWn',#1,'geo-reference','The reference point for transforming the local engineering coordinate system into the coordinate reference system of the underlying map.',$,$,$,'1028019','origin',.USERDEFINED.);
#354=IFCRELDEFINESBYTYPE('3530pFWy94WO4ESJ$CWAXG',#1,$,$,(#355),#353);
#355=IFCBUILDINGELEMENTPROXY('3Fit2Fad92zf2f6aWdJtF5',#1,'geo-reference','The reference point for transforming the local engineering coordinate system into the coordinate reference system of the underlying map.','origin',#359,#371,'454425.1032696',$);
#356=IFCRELASSOCIATESMATERIAL('2EBkr99ef9S8X3ZQxjf56M',#1,$,$,(#355),#357);
#357=IFCMATERIAL('virtual_black',$,$);
#358=IFCRELCONTAINEDINSPATIALSTRUCTURE('0mkbJ67uX3HudxhK_f8TjF',#1,$,$,(#355),#21);
#359=IFCLOCALPLACEMENT(#23,#360);
#360=IFCAXIS2PLACEMENT3D(#361,#362,#363);
#361=IFCCARTESIANPOINT((0.,0.,0.));
#362=IFCDIRECTION((0.,0.,1.));
#363=IFCDIRECTION((1.,1.4874168143337451E-17,0.));
#364=IFCSHAPEREPRESENTATION(#12,'Body','Tessellation',(#365));
#365=IFCTRIANGULATEDFACESET(#366,((-1.,7.2191146256153595E-15,-2.8876462805389965E-13),(-1.,7.2191146256153595E-15,-2.8876462805389965E-13),(-1.,7.2191146256153595E-15,-2.8876462805389965E-13),(-1.,7.2191146256153595E-15,-2.8876462805389965E-13),(-3.058371444293475E-33,2.634474752431885E-33,1.),(-3.058371444293475E-33,2.634474752431885E-33,1.),(-3.058371444293475E-33,2.634474752431885E-33,1.),(-3.058371444293475E-33,2.634474752431885E-33,1.),(-3.058371444293475E-33,2.634474752431885E-33,1.),(-3.058371444293475E-33,2.634474752431885E-33,1.),(-3.058371444293475E-33,2.634474752431885E-33,1.),(-3.058371444293475E-33,2.634474752431885E-33,1.),(-3.058371444293475E-33,2.634474752431885E-33,1.),(-3.058371444293475E-33,2.634474752431885E-33,1.),(-3.058371444293475E-33,2.634474752431885E-33,1.),(-3.058371444293475E-33,2.634474752431885E-33,1.),(-3.058371444293475E-33,2.634474752431885E-33,1.),(-3.058371444293475E-33,2.634474752431885E-33,1.),(-3.058371444293475E-33,2.634474752431885E-33,1.),(-3.058371444293475E-33,2.634474752431885E-33,1.),(-3.058371444293475E-33,2.634474752431885E-33,1.),(-3.058371444293475E-33,2.634474752431885E-33,1.),(-0.098017289746247058,0.9951847119559265,-2.8293428708776068E-14),(-0.19509039794774516,0.98078526529948984,-1.4215164153864961E-14),(-0.098017289746247058,0.9951847119559265,-2.8293428708776068E-14),(-0.19509039794774516,0.98078526529948984,-1.4215164153864961E-14),(-5.7752917004926208E-14,1.,6.6683257381754119E-26),(-5.7752917004926208E-14,1.,6.6683257381754119E-26),(-5.7752917004926208E-14,1.,6.6683257381754119E-26),(-5.7752917004926208E-14,1.,6.6683257381754119E-26),(-0.99518471195589508,0.098017289746565511,1.7414784486937357E-13),(-0.98078526529947829,0.19509039794780292,8.7495235283803817E-14),(-0.98078526529947829,0.19509039794780292,8.7495235283803817E-14),(-0.99518471195589508,0.098017289746565511,1.7414784486937357E-13),(0.38268339078040076,-0.9238795497362281,0.),(0.19509039794782512,-0.98078526529947396,0.),(0.38268339078040076,-0.9238795497362281,0.),(0.19509039794782512,-0.98078526529947396,0.),(0.,0.,-1.),(0.,0.,-1.),(0.,0.,-1.),(0.,0.,-1.),(0.,0.,-1.),(0.,0.,-1.),(0.,0.,-1.),(0.,0.,-1.),(0.,0.,-1.),(0.,0.,-1.),(0.,0.,-1.),(0.,0.,-1.),(0.,0.,-1.),(0.,0.,-1.),(0.,0.,-1.),(0.,0.,-1.),(0.,0.,-1.),(0.,0.,-1.),(0.98078526529947585,-0.19509039794781541,-4.9002600933970326E-13),(0.9238795497362351,-0.3826833907803836,0.),(0.9238795497362351,-0.3826833907803836,0.),(0.98078526529947585,-0.19509039794781541,-4.9002600933970326E-13),(0.9238795497362351,-0.3826833907803836,0.),(0.83146962237909428,-0.55557021793898076,0.),(0.83146962237909428,-0.55557021793898076,0.),(0.9238795497362351,-0.3826833907803836,0.),(0.99518471195592784,-0.098017289746233235,-9.7533280731965303E-13),(0.98078526529947585,-0.19509039794781541,-4.9002600933970326E-13),(0.98078526529947585,-0.19509039794781541,-4.9002600933970326E-13),(0.99518471195592784,-0.098017289746233235,-9.7533280731965303E-13),(0.55557021793899308,-0.83146962237908617,0.),(0.38268339078040076,-0.9238795497362281,0.),(0.55557021793899308,-0.83146962237908617,0.),(0.38268339078040076,-0.9238795497362281,0.),(0.70710678118652492,-0.70710678118657022,0.),(0.55557021793899308,-0.83146962237908617,0.),(0.70710678118652492,-0.70710678118657022,0.),(0.55557021793899308,-0.83146962237908617,0.),(-0.19509039794774516,0.98078526529948984,-1.4215164153864961E-14),(-0.38268349542963814,0.92387950638909311,0.),(-0.19509039794774516,0.98078526529948984,-1.4215164153864961E-14),(-0.38268349542963814,0.92387950638909311,0.),(0.83146962237909428,-0.55557021793898076,0.),(0.70710678118652492,-0.70710678118657022,0.),(0.70710678118652492,-0.70710678118657022,0.),(0.83146962237909428,-0.55557021793898076,0.),(-0.98078526529947829,0.19509039794780292,8.7495235283803817E-14),(-0.92387950638911021,0.38268349542959684,0.),(-0.92387950638911021,0.38268349542959684,0.),(-0.98078526529947829,0.19509039794780292,8.7495235283803817E-14),(0.19509039794782512,-0.98078526529947396,0.),(0.09801728974630905,-0.99518471195592029,0.),(0.19509039794782512,-0.98078526529947396,0.),(0.09801728974630905,-0.99518471195592029,0.),(0.94471425471018777,0.32789476505027421,0.),(0.97699032349001214,0.21328363229953121,0.),(0.97699032349001214,0.21328363229953121,0.),(0.94471425471018777,0.32789476505027421,0.),(0.89575963291653848,0.44453872726369803,0.),(0.94471425471018777,0.32789476505027421,0.),(0.94471425471018777,0.32789476505027421,0.),(0.89575963291653848,0.44453872726369803,0.),(0.36763569523471507,-0.92996988961432925,0.),(0.24649919644888388,-0.96914299571841045,0.),(0.36763569523471507,-0.92996988961432925,0.),(0.24649919644888388,-0.96914299571841045,0.),(0.4866110292734116,-0.87361874189458133,0.),(0.36763569523471507,-0.92996988961432925,0.),(0.4866110292734116,-0.87361874189458133,0.),(0.36763569523471507,-0.92996988961432925,0.),(-0.52188823284931851,-0.85301387586217814,0.),(-0.63713827012403468,-0.77074952140325892,0.),(-0.52188823284931851,-0.85301387586217814,0.),(-0.63713827012403468,-0.77074952140325892,0.),(0.99424646999729693,-0.10711655753390546,0.),(0.97528196857666316,-0.22096398296833067,0.),(0.97528196857666316,-0.22096398296833067,0.),(0.99424646999729693,-0.10711655753390546,0.),(0.99999954367255484,-0.00095532961970731974,0.),(0.99424646999729693,-0.10711655753390546,0.),(0.99424646999729693,-0.10711655753390546,0.),(0.99999954367255484,-0.00095532961970731974,0.),(-0.72849437532700456,0.68505178279960521,0.),(-0.85767323566673848,0.51419511940599694,0.),(-0.85767323566673848,0.51419511940599694,0.),(-0.72849437532700456,0.68505178279960521,0.),(-0.72849437532700456,0.68505178279960521,0.),(-0.56691056644854565,0.82377934524300211,0.),(-0.72849437532700456,0.68505178279960521,0.),(-0.56691056644854565,0.82377934524300211,0.),(-0.37908385247768728,0.92536232514117145,0.),(-0.1834995529945839,0.98301979331587619,0.),(-0.37908385247768728,0.92536232514117145,0.),(-0.1834995529945839,0.98301979331587619,0.),(-0.1834995529945839,0.98301979331587619,0.),(-0.012947889549911789,0.99991617256458232,0.),(-0.1834995529945839,0.98301979331587619,0.),(-0.012947889549911789,0.99991617256458232,0.),(-0.56691056644854565,0.82377934524300211,0.),(-0.37908385247768728,0.92536232514117145,0.),(-0.56691056644854565,0.82377934524300211,0.),(-0.37908385247768728,0.92536232514117145,0.),(0.25678560352314495,0.96646839256297168,0.),(0.38760898056242665,0.92182388675242977,0.),(0.25678560352314495,0.96646839256297168,0.),(0.38760898056242665,0.92182388675242977,0.),(-0.021878265380184617,-0.99976064210587645,0.),(0.18338909196229686,-0.98304040656996627,0.),(-0.021878265380184617,-0.99976064210587645,0.),(0.18338909196229686,-0.98304040656996627,0.),(-0.27247815612298332,-0.96216196891990036,0.),(-0.021878265380184617,-0.99976064210587645,0.),(-0.27247815612298332,-0.96216196891990036,0.),(-0.021878265380184617,-0.99976064210587645,0.),(0.99465698704119343,0.10323506250366385,0.),(0.99999954367255484,-0.00095532961970731974,0.),(0.99999954367255484,-0.00095532961970731974,0.),(0.99465698704119343,0.10323506250366385,0.),(0.81721445894754396,-0.5763336950821748,0.),(0.72216892938929134,-0.69171673206936735,0.),(0.72216892938929134,-0.69171673206936735,0.),(0.81721445894754396,-0.5763336950821748,0.),(0.8893220941653559,-0.45728132788180387,0.),(0.81721445894754396,-0.5763336950821748,0.),(0.81721445894754396,-0.5763336950821748,0.),(0.8893220941653559,-0.45728132788180387,0.),(-0.98824867062674349,0.15285471862024486,0.),(-0.99979614953655815,-0.020190576313527841,0.),(-0.99979614953655815,-0.020190576313527841,0.),(-0.98824867062674349,0.15285471862024486,0.),(-0.94478484695849307,0.32769130741845615,0.),(-0.98824867062674349,0.15285471862024486,0.),(-0.98824867062674349,0.15285471862024486,0.),(-0.94478484695849307,0.32769130741845615,0.),(0.38760898056242665,0.92182388675242977,0.),(0.51208173063203166,0.85893672709513569,0.),(0.38760898056242665,0.92182388675242977,0.),(0.51208173063203166,0.85893672709513569,0.),(0.97699032349001214,0.21328363229953121,0.),(0.99465698704119343,0.10323506250366385,0.),(0.99465698704119343,0.10323506250366385,0.),(0.97699032349001214,0.21328363229953121,0.),(0.94532237096960314,0.32613741727132139,0.),(0.85984938504036634,0.51054777939552709,0.),(0.85984938504036634,0.51054777939552709,0.),(0.94532237096960314,0.32613741727132139,0.),(0.85984938504036634,0.51054777939552709,0.),(0.73457614289276185,0.67852626352470169,0.),(0.73457614289276185,0.67852626352470169,0.),(0.85984938504036634,0.51054777939552709,0.),(-0.99979614953655815,-0.020190576313527841,0.),(-0.97463602402286309,-0.22379593534491413,0.),(-0.97463602402286309,-0.22379593534491413,0.),(-0.99979614953655815,-0.020190576313527841,0.),(-0.97463602402286309,-0.22379593534491413,0.),(-0.90888500976649356,-0.41704680675166556,0.),(-0.90888500976649356,-0.41704680675166556,0.),(-0.97463602402286309,-0.22379593534491413,0.),(-0.90888500976649356,-0.41704680675166556,0.),(-0.83016103564629751,-0.55752368101692951,0.),(-0.83016103564629751,-0.55752368101692951,0.),(-0.90888500976649356,-0.41704680675166556,0.),(0.98829919662817123,0.15252769566249838,0.),(0.94532237096960314,0.32613741727132139,0.),(0.94532237096960314,0.32613741727132139,0.),(0.98829919662817123,0.15252769566249838,0.),(-0.85767323566673848,0.51419511940599694,0.),(-0.94478484695849307,0.32769130741845615,0.),(-0.94478484695849307,0.32769130741845615,0.),(-0.85767323566673848,0.51419511940599694,0.),(0.97528196857666316,-0.22096398296833067,0.),(0.94084758618760655,-0.33883007476455551,0.),(0.94084758618760655,-0.33883007476455551,0.),(0.97528196857666316,-0.22096398296833067,0.),(-0.00088755319409736418,-0.99999960612458638,0.),(-0.12780975406149545,-0.99179870274503801,0.),(-0.00088755319409736418,-0.99999960612458638,0.),(-0.12780975406149545,-0.99179870274503801,0.),(0.12233197847190952,-0.9924892377467619,0.),(-0.00088755319409736418,-0.99999960612458638,0.),(0.12233197847190952,-0.9924892377467619,0.),(-0.00088755319409736418,-0.99999960612458638,0.),(0.24649919644888388,-0.96914299571841045,0.),(0.12233197847190952,-0.9924892377467619,0.),(0.24649919644888388,-0.96914299571841045,0.),(0.12233197847190952,-0.9924892377467619,0.),(0.51208173063203166,0.85893672709513569,0.),(0.62919726815267751,0.77724564826649745,0.),(0.51208173063203166,0.85893672709513569,0.),(0.62919726815267751,0.77724564826649745,0.),(0.73628668145011655,0.67666972942431425,0.),(0.82664522583363109,0.56272344060512092,0.),(0.82664522583363109,0.56272344060512092,0.),(0.73628668145011655,0.67666972942431425,0.),(0.82664522583363109,0.56272344060512092,0.),(0.89575963291653848,0.44453872726369803,0.),(0.89575963291653848,0.44453872726369803,0.),(0.82664522583363109,0.56272344060512092,0.),(-0.012947889549911789,0.99991617256458232,0.),(0.12580746189129235,0.9920546771889498,0.),(-0.012947889549911789,0.99991617256458232,0.),(0.12580746189129235,0.9920546771889498,0.),(0.12580746189129235,0.9920546771889498,0.),(0.25678560352314495,0.96646839256297168,0.),(0.12580746189129235,0.9920546771889498,0.),(0.25678560352314495,0.96646839256297168,0.),(0.94084758618760655,-0.33883007476455551,0.),(0.8893220941653559,-0.45728132788180387,0.),(0.8893220941653559,-0.45728132788180387,0.),(0.94084758618760655,-0.33883007476455551,0.),(0.62919726815267751,0.77724564826649745,0.),(0.73628668145011655,0.67666972942431425,0.),(0.62919726815267751,0.77724564826649745,0.),(0.73628668145011655,0.67666972942431425,0.),(-0.12780975406149545,-0.99179870274503801,0.),(-0.26163236387882916,-0.96516760522262468,0.),(-0.12780975406149545,-0.99179870274503801,0.),(-0.26163236387882916,-0.96516760522262468,0.),(-0.39586511141738157,-0.91830867009002171,0.),(-0.52188823284931851,-0.85301387586217814,0.),(-0.39586511141738157,-0.91830867009002171,0.),(-0.52188823284931851,-0.85301387586217814,0.),(-0.83016103564629751,-0.55752368101692951,0.),(-0.74149837720706435,-0.67095466061373343,0.),(-0.74149837720706435,-0.67095466061373343,0.),(-0.83016103564629751,-0.55752368101692951,0.),(-0.63713827012403468,-0.77074952140325892,0.),(-0.74149837720706435,-0.67095466061373343,0.),(-0.63713827012403468,-0.77074952140325892,0.),(-0.74149837720706435,-0.67095466061373343,0.),(-0.26163236387882916,-0.96516760522262468,0.),(-0.39586511141738157,-0.91830867009002171,0.),(-0.26163236387882916,-0.96516760522262468,0.),(-0.39586511141738157,-0.91830867009002171,0.),(0.99998612527312725,0.0052677567557569398,0.),(0.98829919662817123,0.15252769566249838,0.),(0.98829919662817123,0.15252769566249838,0.),(0.99998612527312725,0.0052677567557569398,0.),(0.60789076581495716,-0.79402066524549908,0.),(0.4866110292734116,-0.87361874189458133,0.),(0.60789076581495716,-0.79402066524549908,0.),(0.4866110292734116,-0.87361874189458133,0.),(0.00029585143607892712,0.99999995623596294,0.),(-0.19223371225305855,0.98134917326780702,0.),(0.00029585143607892712,0.99999995623596294,0.),(-0.19223371225305855,0.98134917326780702,0.),(0.19272392771065497,0.98125301919931862,0.),(0.00029585143607892712,0.99999995623596294,0.),(0.19272392771065497,0.98125301919931862,0.),(0.00029585143607892712,0.99999995623596294,0.),(0.9908086705656648,-0.13527075933807678,0.),(0.99998612527312725,0.0052677567557569398,0.),(0.99998612527312725,0.0052677567557569398,0.),(0.9908086705656648,-0.13527075933807678,0.),(0.95191638078115548,-0.30635796709161373,0.),(0.9908086705656648,-0.13527075933807678,0.),(0.9908086705656648,-0.13527075933807678,0.),(0.95191638078115548,-0.30635796709161373,0.),(0.72216892938929134,-0.69171673206936735,0.),(0.60789076581495716,-0.79402066524549908,0.),(0.72216892938929134,-0.69171673206936735,0.),(0.60789076581495716,-0.79402066524549908,0.),(0.73457614289276185,0.67852626352470169,0.),(0.578454045877275,0.81571497277432126,0.),(0.73457614289276185,0.67852626352470169,0.),(0.578454045877275,0.81571497277432126,0.),(0.,-1.,0.),(0.,-1.,0.),(0.,-1.,0.),(0.,-1.,0.),(0.,-1.,0.),(0.,-1.,0.),(0.,-1.,0.),(0.,-1.,0.),(0.96439855220837067,-0.26445308184704269,0.),(0.96439855220837067,-0.26445308184704269,0.),(0.96439855220837067,-0.26445308184704269,0.),(0.96439855220837067,-0.26445308184704269,0.),(-0.96250827159100127,0.27125233108473634,0.),(-0.96720950419288365,0.25397987124761751,0.),(-0.96720950419288365,0.25397987124761751,0.),(-0.96250827159100127,0.27125233108473634,0.),(1.,0.,0.),(1.,0.,0.),(1.,0.,0.),(1.,0.,0.),(0.,0.,1.),(0.,0.,1.),(0.,0.,1.),(0.,0.,1.),(0.,0.,1.),(0.,0.,1.),(0.,0.,1.),(0.,0.,1.),(0.,0.,1.),(0.,0.,1.),(0.97699888778053867,0.21324439799345352,0.),(0.98364992979317956,0.18009113142482358,0.),(0.98364992979317956,0.18009113142482358,0.),(0.97699888778053867,0.21324439799345352,0.),(-0.97315760103204363,0.23013970442658913,0.),(-0.97480157851292271,0.22307371545907045,0.),(-0.97480157851292271,0.22307371545907045,0.),(-0.97315760103204363,0.23013970442658913,0.),(0.96683511104362974,-0.25540138616157154,0.),(0.96335710780617989,-0.26822207746438897,0.),(0.96335710780617989,-0.26822207746438897,0.),(0.96683511104362974,-0.25540138616157154,0.),(0.97014250014533288,-0.24253562503632958,0.),(0.96683511104362974,-0.25540138616157154,0.),(0.96683511104362974,-0.25540138616157154,0.),(0.97014250014533288,-0.24253562503632958,0.),(-0.96493380028554621,-0.26249335432824539,0.),(-0.96380168564778046,-0.26662016192046872,0.),(-0.96380168564778046,-0.26662016192046872,0.),(-0.96493380028554621,-0.26249335432824539,0.),(0.97411713207514827,0.2260438298155657,0.),(0.97678270164890557,0.21423247596819933,0.),(0.97678270164890557,0.21423247596819933,0.),(0.97411713207514827,0.2260438298155657,0.),(0.,0.,-1.),(0.,0.,-1.),(0.,0.,-1.),(0.,0.,-1.),(0.,0.,-1.),(0.,0.,-1.),(0.,0.,-1.),(0.,0.,-1.),(0.,0.,-1.),(0.,0.,-1.),(0.,0.,-1.),(0.,0.,-1.),(0.,0.,-1.),(0.,0.,-1.),(0.,0.,-1.),(0.,0.,-1.),(0.,0.,-1.),(0.,0.,-1.),(0.,0.,-1.),(0.,0.,-1.),(-0.96720950419288365,0.25397987124761751,0.),(-0.97160080470662868,0.2366260262385175,0.),(-0.97160080470662868,0.2366260262385175,0.),(-0.96720950419288365,0.25397987124761751,0.),(0.,0.,1.),(0.,0.,1.),(0.,0.,1.),(0.,0.,1.),(0.,0.,1.),(0.,0.,1.),(0.,0.,1.),(0.,0.,1.),(0.,0.,1.),(0.,0.,1.),(0.,0.,1.),(0.,0.,1.),(0.,0.,1.),(0.,0.,1.),(0.,0.,1.),(0.,0.,1.),(0.,0.,1.),(0.,0.,1.),(0.,0.,1.),(0.,0.,1.),(-0.53612248621204717,-0.8441402014936934,0.),(-0.27247815612298332,-0.96216196891990036,0.),(-0.53612248621204717,-0.8441402014936934,0.),(-0.27247815612298332,-0.96216196891990036,0.),(-0.75842198311894182,-0.65176383416229189,0.),(-0.53612248621204717,-0.8441402014936934,0.),(-0.75842198311894182,-0.65176383416229189,0.),(-0.53612248621204717,-0.8441402014936934,0.),(-0.98960704847748504,0.14379808623093912,0.),(-0.95011151022740969,0.31191043287038495,0.),(-0.95011151022740969,0.31191043287038495,0.),(-0.98960704847748504,0.14379808623093912,0.),(-0.95011151022740969,0.31191043287038495,0.),(-0.86754253017536076,0.4973630045921526,0.),(-0.86754253017536076,0.4973630045921526,0.),(-0.95011151022740969,0.31191043287038495,0.),(0.5444171631195075,-0.83881461152086978,0.),(0.70898708225858775,-0.70522146676803221,0.),(0.5444171631195075,-0.83881461152086978,0.),(0.70898708225858775,-0.70522146676803221,0.),(0.70898708225858775,-0.70522146676803221,0.),(0.85816959873567666,-0.51336628230323822,0.),(0.85816959873567666,-0.51336628230323822,0.),(0.70898708225858775,-0.70522146676803221,0.),(-0.86754253017536076,0.4973630045921526,0.),(-0.74117819907886329,0.67130833244509414,0.),(-0.74117819907886329,0.67130833244509414,0.),(-0.86754253017536076,0.4973630045921526,0.),(-0.58174212955385662,0.81337328128119868,0.),(-0.74117819907886329,0.67130833244509414,0.),(-0.58174212955385662,0.81337328128119868,0.),(-0.74117819907886329,0.67130833244509414,0.),(0.85816959873567666,-0.51336628230323822,0.),(0.95191638078115548,-0.30635796709161373,0.),(0.95191638078115548,-0.30635796709161373,0.),(0.85816959873567666,-0.51336628230323822,0.),(0.370770082790638,-0.92872468778827211,0.),(0.5444171631195075,-0.83881461152086978,0.),(0.370770082790638,-0.92872468778827211,0.),(0.5444171631195075,-0.83881461152086978,0.),(0.18338909196229686,-0.98304040656996627,0.),(0.370770082790638,-0.92872468778827211,0.),(0.18338909196229686,-0.98304040656996627,0.),(0.370770082790638,-0.92872468778827211,0.),(0.578454045877275,0.81571497277432126,0.),(0.392800811108307,0.91962357668377359,0.),(0.578454045877275,0.81571497277432126,0.),(0.392800811108307,0.91962357668377359,0.),(0.392800811108307,0.91962357668377359,0.),(0.19272392771065497,0.98125301919931862,0.),(0.392800811108307,0.91962357668377359,0.),(0.19272392771065497,0.98125301919931862,0.),(-0.90796825247071855,-0.41903896299183185,0.),(-0.98070601170516314,-0.19548841041185108,0.),(-0.98070601170516314,-0.19548841041185108,0.),(-0.90796825247071855,-0.41903896299183185,0.),(-0.98070601170516314,-0.19548841041185108,0.),(-0.99992914869269678,-0.011903679880554852,0.),(-0.99992914869269678,-0.011903679880554852,0.),(-0.98070601170516314,-0.19548841041185108,0.),(-0.19223371225305855,0.98134917326780702,0.),(-0.39352635970202737,0.91931333299352891,0.),(-0.19223371225305855,0.98134917326780702,0.),(-0.39352635970202737,0.91931333299352891,0.),(-0.75842198311894182,-0.65176383416229189,0.),(-0.90796825247071855,-0.41903896299183185,0.),(-0.90796825247071855,-0.41903896299183185,0.),(-0.75842198311894182,-0.65176383416229189,0.),(-0.39352635970202737,0.91931333299352891,0.),(-0.58174212955385662,0.81337328128119868,0.),(-0.39352635970202737,0.91931333299352891,0.),(-0.58174212955385662,0.81337328128119868,0.),(-0.99992914869269678,-0.011903679880554852,0.),(-0.98960704847748504,0.14379808623093912,0.),(-0.98960704847748504,0.14379808623093912,0.),(-0.99992914869269678,-0.011903679880554852,0.),(-0.97146240542771511,0.23719358094307266,0.),(-0.97315760103204363,0.23013970442658913,0.),(-0.97315760103204363,0.23013970442658913,0.),(-0.97146240542771511,0.23719358094307266,0.),(-0.96655155200070264,-0.25647241045584801,0.),(-0.96655155200070264,-0.25647241045584801,0.),(-0.96655155200070264,-0.25647241045584801,0.),(-0.96655155200070264,-0.25647241045584801,0.),(-0.96604824483897556,-0.25836173989879918,0.),(-0.96493380028554621,-0.26249335432824539,0.),(-0.96493380028554621,-0.26249335432824539,0.),(-0.96604824483897556,-0.25836173989879918,0.),(0.,1.,0.),(0.,1.,0.),(0.,1.,0.),(0.,1.,0.),(0.,1.,0.),(0.,1.,0.),(0.,1.,0.),(0.,1.,0.),(0.96220604582436642,0.2723224657993486,0.),(0.96580704170197496,0.25926194899923066,0.),(0.96580704170197496,0.25926194899923066,0.),(0.96220604582436642,0.2723224657993486,0.),(0.96580704170197496,0.25926194899923066,0.),(0.97699888778053867,0.21324439799345352,0.),(0.97699888778053867,0.21324439799345352,0.),(0.96580704170197496,0.25926194899923066,0.),(0.97678270164890557,0.21423247596819933,0.),(0.9793050618474799,0.20238971278181062,0.),(0.9793050618474799,0.20238971278181062,0.),(0.97678270164890557,0.21423247596819933,0.),(0.,1.,0.),(0.,1.,0.),(0.,1.,0.),(0.,1.,0.),(0.,1.,0.),(0.,1.,0.),(0.,1.,0.),(0.,1.,0.),(-1.,0.,0.),(-1.,0.,0.),(-1.,0.,0.),(-1.,0.,0.),(-1.,0.,0.),(-1.,0.,0.),(-1.,0.,0.),(-1.,0.,0.),(0.,-1.,0.),(0.,-1.,0.),(0.,-1.,0.),(0.,-1.,0.),(0.,1.,0.),(0.,1.,0.),(0.,1.,0.),(0.,1.,0.),(0.83116046288361112,0.55603262938347553,0.),(0.83116046288361112,0.55603262938347553,0.),(0.83116046288361112,0.55603262938347553,0.),(0.83116046288361112,0.55603262938347553,0.),(0.,0.,-1.),(0.,0.,-1.),(0.,0.,-1.),(0.,0.,-1.),(0.,0.,-1.),(0.,0.,-1.),(0.,0.,-1.),(0.,0.,-1.),(0.,0.,-1.),(0.,0.,-1.),(0.,-1.,0.),(0.,-1.,0.),(0.,-1.,0.),(0.,-1.,0.),(-0.83138352160901052,-0.55569905524213392,0.),(-0.83138352160901052,-0.55569905524213392,0.),(-0.83138352160901052,-0.55569905524213392,0.),(-0.83138352160901052,-0.55569905524213392,0.),(1.,0.,0.),(1.,0.,0.),(1.,0.,0.),(1.,0.,0.),(0.98078526529946441,-0.19509039794787292,0.),(0.99518471195590519,-0.098017289746463829,0.),(0.99518471195590519,-0.098017289746463829,0.),(0.98078526529946441,-0.19509039794787292,0.),(-0.83146961693293164,0.55557022608973927,0.),(-0.70710678118654891,0.70710678118654613,0.),(-0.70710678118654891,0.70710678118654613,0.),(-0.83146961693293164,0.55557022608973927,0.),(-0.55557022608969386,0.83146961693296217,0.),(-0.70710678118654891,0.70710678118654613,0.),(-0.55557022608969386,0.83146961693296217,0.),(-0.70710678118654891,0.70710678118654613,0.),(0.,0.,-1.),(0.,0.,-1.),(0.,0.,-1.),(0.,0.,-1.),(0.,0.,-1.),(0.,0.,-1.),(0.,0.,-1.),(0.,0.,-1.),(0.,0.,-1.),(0.,0.,-1.),(0.,0.,-1.),(0.,0.,-1.),(0.,0.,-1.),(0.,0.,-1.),(0.,0.,-1.),(0.,0.,-1.),(0.,0.,-1.),(0.,0.,-1.),(1.8858807962836784E-33,-1.6032830017092906E-33,1.),(1.8858807962836784E-33,-1.6032830017092906E-33,1.),(1.8858807962836784E-33,-1.6032830017092906E-33,1.),(1.8858807962836784E-33,-1.6032830017092906E-33,1.),(1.8858807962836784E-33,-1.6032830017092906E-33,1.),(1.8858807962836784E-33,-1.6032830017092906E-33,1.),(1.8858807962836784E-33,-1.6032830017092906E-33,1.),(1.8858807962836784E-33,-1.6032830017092906E-33,1.),(1.8858807962836784E-33,-1.6032830017092906E-33,1.),(1.8858807962836784E-33,-1.6032830017092906E-33,1.),(1.8858807962836784E-33,-1.6032830017092906E-33,1.),(1.8858807962836784E-33,-1.6032830017092906E-33,1.),(1.8858807962836784E-33,-1.6032830017092906E-33,1.),(1.8858807962836784E-33,-1.6032830017092906E-33,1.),(1.8858807962836784E-33,-1.6032830017092906E-33,1.),(1.8858807962836784E-33,-1.6032830017092906E-33,1.),(1.8858807962836784E-33,-1.6032830017092906E-33,1.),(1.8858807962836784E-33,-1.6032830017092906E-33,1.),(1.,0.,0.),(1.,0.,0.),(1.,0.,0.),(1.,0.,0.),(0.38268349542964936,-0.92387950638908856,0.),(0.55557022608978601,-0.83146961693290045,0.),(0.38268349542964936,-0.92387950638908856,0.),(0.55557022608978601,-0.83146961693290045,0.),(0.19509039794791153,-0.98078526529945675,0.),(0.38268349542964936,-0.92387950638908856,0.),(0.19509039794791153,-0.98078526529945675,0.),(0.38268349542964936,-0.92387950638908856,0.),(0.09801728974643438,-0.99518471195590807,0.),(0.19509039794791153,-0.98078526529945675,0.),(0.09801728974643438,-0.99518471195590807,0.),(0.19509039794791153,-0.98078526529945675,0.),(-0.38268349542963814,0.92387950638909311,0.),(-0.55557022608969386,0.83146961693296217,0.),(-0.38268349542963814,0.92387950638909311,0.),(-0.55557022608969386,0.83146961693296217,0.),(0.,-1.,0.),(0.,-1.,0.),(0.,-1.,0.),(0.,-1.,0.),(-0.92387950638911021,0.38268349542959684,0.),(-0.83146961693293164,0.55557022608973927,0.),(-0.83146961693293164,0.55557022608973927,0.),(-0.92387950638911021,0.38268349542959684,0.),(-0.19509039794789132,0.98078526529946064,0.),(-0.098017289746378883,0.99518471195591351,0.),(-0.19509039794789132,0.98078526529946064,0.),(-0.098017289746378883,0.99518471195591351,0.),(-0.98078526529946997,0.19509039794784488,0.),(-0.9951847119559265,0.098017289746247835,0.),(-0.9951847119559265,0.098017289746247835,0.),(-0.98078526529946997,0.19509039794784488,0.),(0.92387950638910588,-0.38268349542960722,0.),(0.98078526529946441,-0.19509039794787292,0.),(0.98078526529946441,-0.19509039794787292,0.),(0.92387950638910588,-0.38268349542960722,0.),(0.70710678118653514,-0.70710678118656001,0.),(0.8314696169328859,-0.55557022608980766,0.),(0.8314696169328859,-0.55557022608980766,0.),(0.70710678118653514,-0.70710678118656001,0.),(0.8314696169328859,-0.55557022608980766,0.),(0.92387950638910588,-0.38268349542960722,0.),(0.92387950638910588,-0.38268349542960722,0.),(0.8314696169328859,-0.55557022608980766,0.),(-0.92387954973622133,0.38268339078041652,0.),(-0.98078526529946997,0.19509039794784488,0.),(-0.98078526529946997,0.19509039794784488,0.),(-0.92387954973622133,0.38268339078041652,0.),(-0.70710678118652859,0.70710678118656656,0.),(-0.55557021793897743,0.83146962237909661,0.),(-0.70710678118652859,0.70710678118656656,0.),(-0.55557021793897743,0.83146962237909661,0.),(-0.70710678118652859,0.70710678118656656,0.),(-0.8314696223790744,0.55557021793901062,0.),(-0.8314696223790744,0.55557021793901062,0.),(-0.70710678118652859,0.70710678118656656,0.),(-0.8314696223790744,0.55557021793901062,0.),(-0.92387954973622133,0.38268339078041652,0.),(-0.92387954973622133,0.38268339078041652,0.),(-0.8314696223790744,0.55557021793901062,0.),(-0.38268339078038749,0.92387954973623332,0.),(-0.19509039794789132,0.98078526529946064,0.),(-0.38268339078038749,0.92387954973623332,0.),(-0.19509039794789132,0.98078526529946064,0.),(-0.55557021793897743,0.83146962237909661,0.),(-0.38268339078038749,0.92387954973623332,0.),(-0.55557021793897743,0.83146962237909661,0.),(-0.38268339078038749,0.92387954973623332,0.),(0.55557022608978601,-0.83146961693290045,0.),(0.70710678118653514,-0.70710678118656001,0.),(0.55557022608978601,-0.83146961693290045,0.),(0.70710678118653514,-0.70710678118656001,0.),(0.,0.,-1.),(0.,0.,-1.),(0.,0.,-1.),(0.,0.,-1.),(0.,0.,-1.),(0.,0.,-1.),(0.,0.,-1.),(0.,0.,-1.),(0.,0.,-1.),(0.,0.,-1.),(0.,0.,-1.),(0.,0.,-1.),(0.,0.,-1.),(0.,0.,-1.),(0.,0.,-1.),(0.,0.,-1.),(0.,0.,-1.),(0.,0.,-1.),(0.,0.,-1.),(0.,0.,-1.),(0.,0.,-1.),(0.,0.,-1.),(0.,0.,-1.),(0.,0.,-1.),(0.,0.,-1.),(0.,0.,-1.),(0.,0.,-1.),(0.,0.,-1.),(0.,0.,-1.),(0.,0.,-1.),(0.,0.,-1.),(0.,0.,-1.),(0.,0.,-1.),(0.,0.,-1.),(0.,0.,-1.),(0.,0.,-1.),(0.,0.,-1.),(0.,0.,-1.),(0.,0.,-1.),(0.,0.,-1.),(0.,0.,-1.),(0.,0.,-1.),(0.,0.,-1.),(0.,0.,-1.),(0.,0.,-1.),(0.,0.,-1.),(0.,0.,-1.),(0.,0.,-1.),(0.,0.,-1.),(0.,0.,-1.),(0.,0.,-1.),(0.,0.,-1.),(0.,0.,-1.),(0.,0.,-1.),(0.,0.,-1.),(0.,0.,-1.),(0.,0.,-1.),(0.,0.,-1.),(0.,0.,-1.),(0.,0.,-1.),(0.,0.,-1.),(0.,0.,-1.),(0.,0.,-1.),(0.,0.,-1.),(0.,0.,-1.),(0.,0.,-1.),(0.,0.,-1.),(0.,0.,-1.),(0.,0.,-1.),(0.,0.,-1.),(0.,0.,-1.),(0.,0.,-1.),(0.,0.,1.),(0.,0.,1.),(0.,0.,1.),(0.,0.,1.),(0.,0.,1.),(0.,0.,1.),(0.,0.,1.),(0.,0.,1.),(0.,0.,1.),(0.,0.,1.),(0.,0.,1.),(0.,0.,1.),(0.,0.,1.),(0.,0.,1.),(0.,0.,1.),(0.,0.,1.),(0.,0.,1.),(0.,0.,1.),(0.,0.,1.),(0.,0.,1.),(0.,0.,1.),(0.,0.,1.),(0.,0.,1.),(0.,0.,1.),(0.,0.,1.),(0.,0.,1.),(0.,0.,1.),(0.,0.,1.),(0.,0.,1.),(0.,0.,1.),(0.,0.,1.),(0.,0.,1.),(0.,0.,1.),(0.,0.,1.),(0.,0.,1.),(0.,0.,1.),(0.,0.,1.),(0.,0.,1.),(0.,0.,1.),(0.,0.,1.),(0.,0.,1.),(0.,0.,1.),(0.,0.,1.),(0.,0.,1.),(0.,0.,1.),(0.,0.,1.),(0.,0.,1.),(0.,0.,1.),(0.,0.,1.),(0.,0.,1.),(0.,0.,1.),(0.,0.,1.),(0.,0.,1.),(0.,0.,1.),(0.,0.,1.),(0.,0.,1.),(0.,0.,1.),(0.,0.,1.),(0.,0.,1.),(0.,0.,1.),(0.,0.,1.),(0.,0.,1.),(0.,0.,1.),(0.,0.,1.),(0.,0.,1.),(0.,0.,1.),(0.,0.,1.),(0.,0.,1.),(0.,0.,1.),(0.,0.,1.),(0.,0.,1.),(0.,0.,1.),(0.,0.,-1.),(0.,0.,-1.),(0.,0.,-1.),(0.,0.,-1.),(0.,0.,1.),(0.,0.,1.),(0.,0.,1.),(0.,0.,1.),(0.,-1.,0.),(0.,-1.,0.),(0.,-1.,0.),(0.,-1.,0.),(-1.,0.,0.),(-1.,0.,0.),(-1.,0.,0.),(-1.,0.,0.),(0.,1.,0.),(0.,1.,0.),(0.,1.,0.),(0.,1.,0.),(1.,0.,0.),(1.,0.,0.),(1.,0.,0.),(1.,0.,0.),(0.,0.,-1.),(0.,0.,-1.),(0.,0.,-1.),(0.,0.,-1.),(0.,0.,-1.),(0.,0.,-1.),(0.,0.,-1.),(0.,0.,-1.),(0.,0.,-1.),(0.,0.,-1.),(0.,0.,-1.),(0.,0.,-1.),(0.,0.,-1.),(0.,0.,-1.),(0.,0.,-1.),(0.,0.,-1.),(0.,0.,-1.),(0.,0.,-1.),(0.,0.,-1.),(0.,0.,-1.),(0.,0.,-1.),(0.,0.,-1.),(0.,0.,-1.),(0.,0.,-1.),(0.,0.,-1.),(0.,0.,-1.),(0.,0.,-1.),(0.,0.,-1.),(0.,0.,-1.),(0.,0.,-1.),(0.,0.,-1.),(0.,0.,-1.),(0.,0.,-1.),(0.,0.,-1.),(0.,0.,-1.),(0.,0.,-1.),(0.,0.,-1.),(0.,0.,-1.),(0.,0.,-1.),(0.,0.,-1.),(0.,0.,-1.),(0.,0.,-1.),(0.,0.,-1.),(0.,0.,-1.),(0.,0.,-1.),(0.,0.,-1.),(0.,0.,-1.),(0.,0.,-1.),(0.,0.,-1.),(0.,0.,-1.),(0.,0.,-1.),(0.,0.,-1.),(0.,0.,-1.),(0.,0.,-1.),(0.,0.,-1.),(0.,0.,-1.),(0.,0.,-1.),(0.,0.,-1.),(0.,0.,-1.),(0.,0.,-1.),(0.,0.,-1.),(0.,0.,-1.),(0.,0.,-1.),(0.,0.,-1.),(0.,0.,-1.),(0.,0.,-1.),(0.,0.,-1.),(0.,0.,-1.),(0.,0.,-1.),(0.,0.,-1.),(0.,0.,1.),(0.,0.,1.),(0.,0.,1.),(0.,0.,1.),(0.,0.,1.),(0.,0.,1.),(0.,0.,1.),(0.,0.,1.),(0.,0.,1.),(0.,0.,1.),(0.,0.,1.),(0.,0.,1.),(0.,0.,1.),(0.,0.,1.),(0.,0.,1.),(0.,0.,1.),(0.,0.,1.),(0.,0.,1.),(0.,0.,1.),(0.,0.,1.),(0.,0.,1.),(0.,0.,1.),(0.,0.,1.),(0.,0.,1.),(0.,0.,1.),(0.,0.,1.),(0.,0.,1.),(0.,0.,1.),(0.,0.,1.),(0.,0.,1.),(0.,0.,1.),(0.,0.,1.),(0.,0.,1.),(0.,0.,1.),(0.,0.,1.),(0.,0.,1.),(0.,0.,1.),(0.,0.,1.),(0.,0.,1.),(0.,0.,1.),(0.,0.,1.),(0.,0.,1.),(0.,0.,1.),(0.,0.,1.),(0.,0.,1.),(0.,0.,1.),(0.,0.,1.),(0.,0.,1.),(0.,0.,1.),(0.,0.,1.),(0.,0.,1.),(0.,0.,1.),(0.,0.,1.),(0.,0.,1.),(0.,0.,1.),(0.,0.,1.),(0.,0.,1.),(0.,0.,1.),(0.,0.,1.),(0.,0.,1.),(0.,0.,1.),(0.,0.,1.),(0.,0.,1.),(0.,0.,1.),(0.,0.,1.),(0.,0.,1.),(0.,0.,1.),(0.,0.,1.),(0.,0.,1.),(0.,0.,1.),(-0.087099420680203876,0.9961996240298292,0.),(-0.087099420680203876,0.9961996240298292,0.),(-0.087099420680203876,0.9961996240298292,0.),(-0.087099420680203876,0.9961996240298292,0.),(0.97746182855712682,0.21111223013780628,0.),(0.94552080710731568,0.32556167361520111,0.),(0.94552080710731568,0.32556167361520111,0.),(0.97746182855712682,0.21111223013780628,0.),(0.94552080710731568,0.32556167361520111,0.),(0.82228120474032995,0.56908138287137078,0.),(0.82228120474032995,0.56908138287137078,0.),(0.94552080710731568,0.32556167361520111,0.),(0.82228120474032995,0.56908138287137078,0.),(0.61899196367046905,0.78539731913941313,0.),(0.61899196367046905,0.78539731913941313,0.),(0.82228120474032995,0.56908138287137078,0.),(0.61899196367046905,0.78539731913941313,0.),(0.3996723632402599,0.91665806169036967,0.),(0.61899196367046905,0.78539731913941313,0.),(0.3996723632402599,0.91665806169036967,0.),(0.3996723632402599,0.91665806169036967,0.),(0.19339585438116996,0.98112080984360817,0.),(0.3996723632402599,0.91665806169036967,0.),(0.19339585438116996,0.98112080984360817,0.),(0.19339585438116996,0.98112080984360817,0.),(0.0062700848272640893,0.9999803428249272,0.),(0.19339585438116996,0.98112080984360817,0.),(0.0062700848272640893,0.9999803428249272,0.),(0.0062700848272640893,0.9999803428249272,0.),(-0.1706379345644615,0.98533379891667916,0.),(0.0062700848272640893,0.9999803428249272,0.),(-0.1706379345644615,0.98533379891667916,0.),(-0.1706379345644615,0.98533379891667916,0.),(-0.36619292031781997,0.930538954106225,0.),(-0.1706379345644615,0.98533379891667916,0.),(-0.36619292031781997,0.930538954106225,0.),(-0.36619292031781997,0.930538954106225,0.),(-0.58971775882297772,0.8076094135959565,0.),(-0.36619292031781997,0.930538954106225,0.),(-0.58971775882297772,0.8076094135959565,0.),(-0.58971775882297772,0.8076094135959565,0.),(-0.80426390651809132,0.59427230178787471,0.),(-0.58971775882297772,0.8076094135959565,0.),(-0.80426390651809132,0.59427230178787471,0.),(-0.95000763702587887,0.31222666380773162,0.),(-0.80426390651809132,0.59427230178787471,0.),(-0.80426390651809132,0.59427230178787471,0.),(-0.95000763702587887,0.31222666380773162,0.),(-0.99999813178113695,0.0019329858344537881,0.),(-0.95000763702587887,0.31222666380773162,0.),(-0.95000763702587887,0.31222666380773162,0.),(-0.99999813178113695,0.0019329858344537881,0.),(-0.94824598252633308,-0.31753670122155864,0.),(-0.99999813178113695,0.0019329858344537881,0.),(-0.99999813178113695,0.0019329858344537881,0.),(-0.94824598252633308,-0.31753670122155864,0.),(-0.78564416376061419,-0.61867863059013561,0.),(-0.94824598252633308,-0.31753670122155864,0.),(-0.94824598252633308,-0.31753670122155864,0.),(-0.78564416376061419,-0.61867863059013561,0.),(-0.78564416376061419,-0.61867863059013561,0.),(-0.56020221884652788,-0.8283558860776129,0.),(-0.78564416376061419,-0.61867863059013561,0.),(-0.56020221884652788,-0.8283558860776129,0.),(-0.56020221884652788,-0.8283558860776129,0.),(-0.35572378115320674,-0.93459113601727761,5.5259782200100011E-31),(-0.56020221884652788,-0.8283558860776129,0.),(-0.35572378115320674,-0.93459113601727761,5.5259782200100011E-31),(-0.35572378115320674,-0.93459113601727761,5.5259782200100011E-31),(-0.26435381846863887,-0.96442576627807397,1.1000904274438964E-30),(-0.35572378115320674,-0.93459113601727761,5.5259782200100011E-31),(-0.31792071801850086,-0.94811730131592942,5.5090886770231326E-31),(-0.31792071801850086,-0.94811730131592942,5.5090886770231326E-31),(-0.26435381846863887,-0.96442576627807397,1.1000904274438964E-30),(-0.31792071801850086,-0.94811730131592942,5.5090886770231326E-31),(-0.46692550000307709,-0.88429665692395143,0.),(-0.31792071801850086,-0.94811730131592942,5.5090886770231326E-31),(-0.46692550000307709,-0.88429665692395143,0.),(-0.46692550000307709,-0.88429665692395143,0.),(-0.66273002221499477,-0.7488584096175408,0.),(-0.46692550000307709,-0.88429665692395143,0.),(-0.66273002221499477,-0.7488584096175408,0.),(-0.84339030948018223,-0.53730139202771732,0.),(-0.66273002221499477,-0.7488584096175408,0.),(-0.66273002221499477,-0.7488584096175408,0.),(-0.84339030948018223,-0.53730139202771732,0.),(-0.96192769295351277,-0.27330406789715506,0.),(-0.84339030948018223,-0.53730139202771732,0.),(-0.84339030948018223,-0.53730139202771732,0.),(-0.96192769295351277,-0.27330406789715506,0.),(-0.99998048180499743,0.006247880364198881,0.),(-0.96192769295351277,-0.27330406789715506,0.),(-0.96192769295351277,-0.27330406789715506,0.),(-0.99998048180499743,0.006247880364198881,0.),(-0.95729966840827085,0.28909746603077441,0.),(-0.99998048180499743,0.006247880364198881,0.),(-0.99998048180499743,0.006247880364198881,0.),(-0.95729966840827085,0.28909746603077441,0.),(-0.83068075342860914,0.55674903312289514,0.),(-0.95729966840827085,0.28909746603077441,0.),(-0.95729966840827085,0.28909746603077441,0.),(-0.83068075342860914,0.55674903312289514,0.),(-0.62698383219007991,0.77903226773493905,0.),(-0.83068075342860914,0.55674903312289514,0.),(-0.83068075342860914,0.55674903312289514,0.),(-0.62698383219007991,0.77903226773493905,0.),(-0.62698383219007991,0.77903226773493905,0.),(-0.39405829076990984,0.91908544949612669,0.),(-0.62698383219007991,0.77903226773493905,0.),(-0.39405829076990984,0.91908544949612669,0.),(-0.39405829076990984,0.91908544949612669,0.),(-0.18580751544945262,0.98258616273714217,0.),(-0.39405829076990984,0.91908544949612669,0.),(-0.18580751544945262,0.98258616273714217,0.),(-0.18580751544945262,0.98258616273714217,0.),(-0.0014495197728581503,0.99999894944566237,0.),(-0.18580751544945262,0.98258616273714217,0.),(-0.0014495197728581503,0.99999894944566237,0.),(-0.0014495197728581503,0.99999894944566237,0.),(0.18439541958058675,0.98285214006873878,0.),(-0.0014495197728581503,0.99999894944566237,0.),(0.18439541958058675,0.98285214006873878,0.),(0.18439541958058675,0.98285214006873878,0.),(0.39765323498245803,0.91753577843481737,0.),(0.18439541958058675,0.98285214006873878,0.),(0.39765323498245803,0.91753577843481737,0.),(0.39765323498245803,0.91753577843481737,0.),(0.63111324461133878,0.77569070670992868,0.),(0.39765323498245803,0.91753577843481737,0.),(0.63111324461133878,0.77569070670992868,0.),(0.63111324461133878,0.77569070670992868,0.),(0.8310893844718592,0.55613886307125326,0.),(0.8310893844718592,0.55613886307125326,0.),(0.63111324461133878,0.77569070670992868,0.),(0.8310893844718592,0.55613886307125326,0.),(0.9540840705660083,0.29953895621804594,0.),(0.9540840705660083,0.29953895621804594,0.),(0.8310893844718592,0.55613886307125326,0.),(0.9540840705660083,0.29953895621804594,0.),(0.98622990909128427,0.16538006655518403,0.),(0.98622990909128427,0.16538006655518403,0.),(0.9540840705660083,0.29953895621804594,0.),(0.075056505119014474,-0.99717928229547548,0.),(0.075056505119014474,-0.99717928229547548,0.),(0.075056505119014474,-0.99717928229547548,0.),(0.075056505119014474,-0.99717928229547548,0.),(-0.91768919221598133,-0.3972990642953742,0.),(-0.96555842378818413,-0.26018633755767723,0.),(-0.96555842378818413,-0.26018633755767723,0.),(-0.91768919221598133,-0.3972990642953742,0.),(-0.78784416803368473,-0.61587463569732381,0.),(-0.91768919221598133,-0.3972990642953742,0.),(-0.91768919221598133,-0.3972990642953742,0.),(-0.78784416803368473,-0.61587463569732381,0.),(-0.63199698605983057,-0.77497084436208985,0.),(-0.78784416803368473,-0.61587463569732381,0.),(-0.78784416803368473,-0.61587463569732381,0.),(-0.63199698605983057,-0.77497084436208985,0.),(-0.63199698605983057,-0.77497084436208985,0.),(-0.44922596047361191,-0.89341817556873171,0.),(-0.63199698605983057,-0.77497084436208985,0.),(-0.44922596047361191,-0.89341817556873171,0.),(-0.44922596047361191,-0.89341817556873171,0.),(-0.23786759998517135,-0.97129758821758361,0.),(-0.44922596047361191,-0.89341817556873171,0.),(-0.23786759998517135,-0.97129758821758361,0.),(-0.23786759998517135,-0.97129758821758361,0.),(-0.0067296816889915343,-0.99997735543579447,0.),(-0.23786759998517135,-0.97129758821758361,0.),(-0.0067296816889915343,-0.99997735543579447,0.),(-0.0067296816889915343,-0.99997735543579447,0.),(0.21785673822142915,-0.97598075883263191,0.),(-0.0067296816889915343,-0.99997735543579447,0.),(0.21785673822142915,-0.97598075883263191,0.),(0.21785673822142915,-0.97598075883263191,0.),(0.42674040185011097,-0.90437416450759245,0.),(0.21785673822142915,-0.97598075883263191,0.),(0.42674040185011097,-0.90437416450759245,0.),(0.42674040185011097,-0.90437416450759245,0.),(0.64997568971488129,-0.7599550004965191,0.),(0.42674040185011097,-0.90437416450759245,0.),(0.64997568971488129,-0.7599550004965191,0.),(0.64997568971488129,-0.7599550004965191,0.),(0.89202655719086632,-0.45198298780619001,0.),(0.89202655719086632,-0.45198298780619001,0.),(0.64997568971488129,-0.7599550004965191,0.),(0.89202655719086632,-0.45198298780619001,0.),(0.99981228963109559,-0.019374867809258792,0.),(0.99981228963109559,-0.019374867809258792,0.),(0.89202655719086632,-0.45198298780619001,0.),(0.99981228963109559,-0.019374867809258792,0.),(0.91500232120017522,0.40344857441598614,0.),(0.91500232120017522,0.40344857441598614,0.),(0.99981228963109559,-0.019374867809258792,0.),(0.91500232120017522,0.40344857441598614,0.),(0.64713477236679762,0.76237562027767725,0.),(0.64713477236679762,0.76237562027767725,0.),(0.91500232120017522,0.40344857441598614,0.),(0.64713477236679762,0.76237562027767725,0.),(0.36235316167200854,0.93204087154282,0.),(0.64713477236679762,0.76237562027767725,0.),(0.36235316167200854,0.93204087154282,0.),(0.36235316167200854,0.93204087154282,0.),(0.25508490491421493,0.96691865804984123,0.),(0.36235316167200854,0.93204087154282,0.),(0.25508490491421493,0.96691865804984123,0.),(0.25508490491421493,0.96691865804984123,0.),(0.28595039760148855,0.95824442086116568,0.),(0.25508490491421493,0.96691865804984123,0.),(0.28595039760148855,0.95824442086116568,0.),(0.28595039760148855,0.95824442086116568,0.),(0.42364706687595166,0.90582733604556409,0.),(0.28595039760148855,0.95824442086116568,0.),(0.42364706687595166,0.90582733604556409,0.),(0.42364706687595166,0.90582733604556409,0.),(0.62763824903596976,0.77850512416236683,0.),(0.42364706687595166,0.90582733604556409,0.),(0.62763824903596976,0.77850512416236683,0.),(0.62763824903596976,0.77850512416236683,0.),(0.82695998879544175,0.56226077306837174,0.),(0.82695998879544175,0.56226077306837174,0.),(0.62763824903596976,0.77850512416236683,0.),(0.82695998879544175,0.56226077306837174,0.),(0.95886992032845131,0.28384586642984538,0.),(0.95886992032845131,0.28384586642984538,0.),(0.82695998879544175,0.56226077306837174,0.),(0.95886992032845131,0.28384586642984538,0.),(0.99998755080554047,-0.0049898130162140631,0.),(0.99998755080554047,-0.0049898130162140631,0.),(0.95886992032845131,0.28384586642984538,0.),(0.99998755080554047,-0.0049898130162140631,0.),(0.957401173102709,-0.28876113613427412,0.),(0.957401173102709,-0.28876113613427412,0.),(0.99998755080554047,-0.0049898130162140631,0.),(0.957401173102709,-0.28876113613427412,0.),(0.83502987601119205,-0.55020460391451942,0.),(0.83502987601119205,-0.55020460391451942,0.),(0.957401173102709,-0.28876113613427412,0.),(0.83502987601119205,-0.55020460391451942,0.),(0.64488819476283499,-0.76427692380153145,0.),(0.64488819476283499,-0.76427692380153145,0.),(0.83502987601119205,-0.55020460391451942,0.),(0.64488819476283499,-0.76427692380153145,0.),(0.42113746186410883,-0.90699682370703838,0.),(0.64488819476283499,-0.76427692380153145,0.),(0.42113746186410883,-0.90699682370703838,0.),(0.42113746186410883,-0.90699682370703838,0.),(0.20299205783353799,-0.97918038402354957,0.),(0.42113746186410883,-0.90699682370703838,0.),(0.20299205783353799,-0.97918038402354957,0.),(0.20299205783353799,-0.97918038402354957,0.),(0.008487459676545215,-0.99996398086543059,0.),(0.20299205783353799,-0.97918038402354957,0.),(0.008487459676545215,-0.99996398086543059,0.),(0.008487459676545215,-0.99996398086543059,0.),(-0.17916273136199512,-0.98381945279147109,0.),(0.008487459676545215,-0.99996398086543059,0.),(-0.17916273136199512,-0.98381945279147109,0.),(-0.17916273136199512,-0.98381945279147109,0.),(-0.40107835149177207,-0.91604375221090983,0.),(-0.17916273136199512,-0.98381945279147109,0.),(-0.40107835149177207,-0.91604375221090983,0.),(-0.40107835149177207,-0.91604375221090983,0.),(-0.63883364809787258,-0.76934489668676154,0.),(-0.40107835149177207,-0.91604375221090983,0.),(-0.63883364809787258,-0.76934489668676154,0.),(-0.83407795671713481,-0.55164659168580887,0.),(-0.63883364809787258,-0.76934489668676154,0.),(-0.63883364809787258,-0.76934489668676154,0.),(-0.83407795671713481,-0.55164659168580887,0.),(-0.95577416204846555,-0.29410160006459296,0.),(-0.83407795671713481,-0.55164659168580887,0.),(-0.83407795671713481,-0.55164659168580887,0.),(-0.95577416204846555,-0.29410160006459296,0.),(-0.98763335149575737,-0.15678125848856422,0.),(-0.95577416204846555,-0.29410160006459296,0.),(-0.95577416204846555,-0.29410160006459296,0.),(-0.98763335149575737,-0.15678125848856422,0.)),$,((1,2,3),(2,1,4),(5,6,7),(6,5,8),(8,5,9),(9,5,10),(9,10,11),(11,10,12),(12,10,13),(12,13,14),(14,13,15),(15,13,16),(16,13,17),(16,17,18),(18,17,19),(19,17,20),(19,20,21),(19,21,22),(23,24,25),(24,23,26),(27,28,29),(28,27,30),(31,32,33),(32,31,34),(35,36,37),(36,35,38),(39,40,41),(40,39,42),(40,42,43),(40,43,44),(44,43,45),(44,45,46),(44,46,47),(47,46,48),(47,48,49),(47,49,50),(47,50,51),(51,50,52),(51,52,53),(51,53,54),(54,53,55),(55,53,56),(57,58,59),(58,57,60),(61,62,63),(62,61,64),(65,66,67),(66,65,68),(69,70,71),(70,69,72),(73,74,75),(74,73,76),(77,78,79),(78,77,80),(81,82,83),(82,81,84),(85,86,87),(86,85,88),(89,90,91),(90,89,92),(93,94,95),(94,93,96),(97,98,99),(98,97,100),(101,102,103),(102,101,104),(105,106,107),(106,105,108),(109,110,111),(110,109,112),(113,114,115),(114,113,116),(117,118,119),(118,117,120),(121,122,123),(122,121,124),(125,126,127),(126,125,128),(129,130,131),(130,129,132),(133,134,135),(134,133,136),(137,138,139),(138,137,140),(141,142,143),(142,141,144),(145,146,147),(146,145,148),(149,150,151),(150,149,152),(153,154,155),(154,153,156),(157,158,159),(158,157,160),(161,162,163),(162,161,164),(165,166,167),(166,165,168),(169,170,171),(170,169,172),(173,174,175),(174,173,176),(177,178,179),(178,177,180),(181,182,183),(182,181,184),(185,186,187),(186,185,188),(189,190,191),(190,189,192),(193,194,195),(194,193,196),(197,198,199),(198,197,200),(201,202,203),(202,201,204),(205,206,207),(206,205,208),(209,210,211),(210,209,212),(213,214,215),(214,213,216),(217,218,219),(218,217,220),(221,222,223),(222,221,224),(225,226,227),(226,225,228),(229,230,231),(230,229,232),(233,234,235),(234,233,236),(237,238,239),(238,237,240),(241,242,243),(242,241,244),(245,246,247),(246,245,248),(249,250,251),(250,249,252),(253,254,255),(254,253,256),(257,258,259),(258,257,260),(261,262,263),(262,261,264),(265,266,267),(266,265,268),(269,270,271),(270,269,272),(273,274,275),(274,273,276),(277,278,279),(278,277,280),(281,282,283),(282,281,284),(285,286,287),(286,285,288),(289,290,291),(290,289,292),(293,294,295),(294,293,296),(297,298,299),(298,297,300),(301,302,303),(302,301,304),(305,306,307),(306,305,308),(309,310,311),(310,309,312),(313,314,315),(314,313,316),(317,318,319),(318,317,320),(321,322,323),(322,321,324),(325,326,327),(326,325,328),(326,328,329),(329,328,330),(329,330,331),(331,330,332),(331,333,334),(333,331,332),(335,336,337),(336,335,338),(339,340,341),(340,339,342),(343,344,345),(344,343,346),(347,348,349),(348,347,350),(351,352,353),(352,351,354),(355,356,357),(356,355,358),(359,360,361),(360,359,362),(360,362,363),(360,363,364),(364,363,365),(364,365,366),(364,366,367),(367,366,368),(368,366,369),(368,369,370),(370,369,371),(371,369,372),(371,372,373),(371,373,374),(371,374,375),(375,374,376),(375,376,377),(375,377,378),(379,380,381),(380,379,382),(383,384,385),(384,383,386),(386,383,387),(387,383,388),(387,388,389),(389,388,390),(390,388,391),(390,391,392),(390,392,393),(393,392,394),(393,394,395),(393,395,396),(396,395,397),(397,395,398),(398,395,399),(398,399,400),(400,399,401),(401,399,402),(403,404,405),(404,403,406),(407,408,409),(408,407,410),(411,412,413),(412,411,414),(415,416,417),(416,415,418),(419,420,421),(420,419,422),(423,424,425),(424,423,426),(427,428,429),(428,427,430),(431,432,433),(432,431,434),(435,436,437),(436,435,438),(439,440,441),(440,439,442),(443,444,445),(444,443,446),(447,448,449),(448,447,450),(451,452,453),(452,451,454),(455,456,457),(456,455,458),(459,460,461),(460,459,462),(463,464,465),(464,463,466),(467,468,469),(468,467,470),(471,472,473),(472,471,474),(475,476,477),(476,475,478),(479,480,481),(480,479,482),(483,484,485),(484,483,486),(487,488,489),(488,487,490),(491,492,493),(492,491,494),(495,496,497),(496,495,498),(499,500,501),(500,499,502),(503,504,505),(504,503,506),(507,508,509),(508,507,510),(511,512,513),(512,511,514),(515,516,517),(516,515,518),(519,520,521),(520,519,522),(523,524,525),(524,523,526),(527,528,529),(528,527,530),(531,532,533),(532,531,534),(535,536,537),(536,535,538),(539,540,541),(540,539,542),(543,544,545),(544,543,546),(546,543,547),(547,543,540),(547,540,542),(548,544,546),(549,550,551),(550,549,552),(553,554,555),(554,553,556),(557,558,559),(558,557,560),(561,562,563),(562,561,564),(565,566,567),(566,565,568),(569,570,571),(570,569,572),(573,574,575),(574,573,576),(574,576,577),(574,577,578),(574,578,579),(574,579,580),(580,579,581),(581,579,582),(581,582,583),(583,582,584),(584,582,585),(585,582,586),(585,586,587),(587,586,588),(588,586,589),(588,589,590),(591,592,593),(592,591,594),(594,591,595),(595,591,596),(596,591,597),(597,591,598),(597,598,599),(597,599,600),(600,599,601),(600,601,602),(600,602,603),(600,603,604),(604,603,605),(604,605,606),(604,606,607),(607,606,608),(609,610,611),(610,609,612),(613,614,615),(614,613,616),(617,618,619),(618,617,620),(621,622,623),(622,621,624),(625,626,627),(626,625,628),(629,630,631),(630,629,632),(633,634,635),(634,633,636),(637,638,639),(638,637,640),(641,642,643),(642,641,644),(645,646,647),(646,645,648),(649,650,651),(650,649,652),(653,654,655),(654,653,656),(657,658,659),(658,657,660),(661,662,663),(662,661,664),(665,666,667),(666,665,668),(669,670,671),(670,669,672),(673,674,675),(674,673,676),(677,678,679),(678,677,680),(681,682,683),(682,681,684),(685,686,687),(686,685,688),(686,688,689),(689,688,690),(690,688,691),(691,688,692),(691,692,693),(693,692,694),(693,694,695),(695,694,696),(696,694,697),(696,697,698),(698,697,699),(698,699,700),(700,699,701),(700,701,702),(702,701,703),(702,703,704),(704,703,705),(704,705,706),(706,705,707),(706,707,708),(708,707,709),(708,709,710),(710,709,711),(711,709,712),(712,709,713),(712,713,714),(714,713,715),(714,715,716),(716,715,717),(716,717,718),(718,717,719),(718,719,720),(720,719,721),(720,721,722),(723,724,725),(724,723,726),(724,726,727),(727,726,728),(727,728,729),(729,728,685),(729,685,730),(730,685,687),(730,687,731),(730,731,732),(732,731,733),(732,733,734),(732,734,735),(735,734,736),(735,736,737),(737,736,738),(737,738,739),(739,738,740),(739,740,741),(739,741,742),(742,741,743),(742,743,744),(744,743,745),(744,745,746),(746,745,747),(747,745,748),(747,748,749),(749,748,750),(749,750,751),(751,750,752),(751,752,753),(753,752,754),(753,754,755),(753,755,711),(711,755,756),(711,756,710),(757,758,759),(758,757,760),(760,757,761),(760,761,762),(762,761,763),(762,763,764),(764,763,765),(764,765,766),(766,765,767),(767,765,768),(767,768,769),(769,768,770),(770,768,771),(770,771,772),(772,771,773),(772,773,774),(774,773,775),(774,775,776),(776,775,777),(777,775,778),(777,778,779),(779,778,780),(779,780,781),(781,780,782),(781,782,783),(781,783,784),(784,783,785),(784,785,786),(786,785,787),(786,787,788),(788,787,789),(788,789,790),(790,789,791),(791,789,792),(791,792,793),(793,792,794),(764,795,796),(795,764,766),(796,795,797),(796,797,798),(796,798,799),(796,799,800),(800,799,801),(800,801,802),(802,801,803),(802,803,804),(802,804,805),(805,804,806),(805,806,807),(807,806,808),(807,808,809),(809,808,810),(809,810,811),(811,810,812),(811,812,813),(813,812,814),(813,814,815),(815,814,816),(815,816,817),(817,816,794),(817,794,792),(817,792,818),(817,818,819),(819,818,820),(819,820,821),(821,820,822),(821,822,823),(823,822,824),(823,824,825),(825,824,826),(825,826,827),(827,826,828),(829,830,831),(830,829,832),(833,834,835),(834,833,836),(837,838,839),(838,837,840),(841,842,843),(842,841,844),(845,846,847),(846,845,848),(849,850,851),(850,849,852),(853,854,855),(854,853,856),(856,853,857),(857,853,858),(857,858,859),(859,858,860),(860,858,861),(861,858,862),(861,862,863),(861,863,864),(864,863,865),(864,865,866),(866,865,867),(867,865,868),(868,865,869),(868,869,870),(870,869,871),(871,869,872),(872,869,873),(872,873,874),(875,876,877),(876,875,878),(878,875,879),(878,879,880),(880,879,855),(880,855,881),(881,855,854),(881,854,882),(881,882,883),(881,883,884),(884,883,885),(884,885,886),(886,885,887),(886,887,888),(888,887,889),(888,889,890),(888,890,891),(891,890,892),(892,890,893),(892,893,894),(894,893,895),(895,893,896),(896,893,897),(897,893,898),(897,898,899),(899,898,900),(899,900,901),(902,903,904),(903,902,905),(905,902,906),(906,902,907),(906,907,908),(908,907,909),(908,909,910),(908,910,911),(911,910,912),(911,912,913),(911,913,914),(914,913,915),(914,915,916),(914,916,917),(917,916,918),(917,918,919),(919,918,920),(919,920,921),(919,921,896),(896,921,922),(896,922,895),(923,924,925),(924,923,926),(924,926,927),(924,927,928),(928,927,929),(928,929,930),(930,929,931),(931,929,932),(931,932,933),(933,932,934),(934,932,935),(934,935,936),(936,935,937),(937,935,938),(937,938,939),(939,938,940),(939,940,941),(941,940,942),(942,940,943),(942,943,944),(944,943,945),(946,947,948),(947,946,949),(947,949,950),(950,949,951),(950,951,952),(952,951,953),(952,953,954),(954,953,955),(955,953,956),(956,953,957),(956,957,958),(958,957,959),(958,959,960),(960,959,961),(960,961,962),(962,961,963),(963,961,964),(963,964,965),(963,965,966),(966,965,967),(966,967,945),(966,945,943),(966,943,968),(966,968,969),(969,968,970),(969,970,971),(971,970,972),(954,973,952),(973,954,974),(973,974,975),(973,975,976),(976,975,977),(976,977,978),(976,978,979),(976,979,980),(980,979,981),(981,979,982),(981,982,983),(983,982,984),(983,984,985),(983,985,986),(983,986,987),(987,986,988),(987,988,989),(987,989,990),(987,990,991),(991,990,992),(993,994,995),(994,993,996),(997,998,999),(998,997,1000),(1001,1002,1003),(1002,1001,1004),(1005,1006,1007),(1006,1005,1008),(1009,1010,1011),(1010,1009,1012),(1013,1014,1015),(1014,1013,1016),(1017,1018,1019),(1018,1017,1020),(1021,1022,1023),(1022,1021,1024),(1025,1026,1027),(1026,1025,1028),(1029,1030,1031),(1030,1029,1032),(1033,1034,1035),(1034,1033,1036),(1037,1038,1039),(1038,1037,1040),(1041,1042,1043),(1042,1041,1044),(1045,1046,1047),(1046,1045,1048),(1049,1050,1051),(1050,1049,1052),(1053,1054,1055),(1054,1053,1056),(1057,1058,1059),(1058,1057,1060),(1061,1062,1063),(1062,1061,1064),(1064,1061,1065),(1065,1061,1066),(1067,1068,1069),(1068,1067,1070),(1071,1072,1073),(1072,1071,1074),(1075,1076,1077),(1076,1075,1078),(1079,1080,1081),(1080,1079,1082),(1083,1084,1085),(1084,1083,1086),(1087,1088,1089),(1088,1087,1090),(1091,1092,1093),(1092,1091,1094),(1095,1096,1097),(1096,1095,1098),(1099,1100,1101),(1100,1099,1102),(1103,1104,1105),(1104,1103,1106),(1107,1108,1109),(1108,1107,1110),(1111,1112,1113),(1112,1111,1114),(1115,1116,1117),(1116,1115,1118),(1119,1120,1121),(1120,1119,1122),(1123,1124,1125),(1124,1123,1126),(1127,1128,1129),(1128,1127,1130),(1131,1132,1133),(1132,1131,1134),(1135,1136,1137),(1136,1135,1138),(1139,1140,1141),(1140,1139,1142),(1143,1144,1145),(1144,1143,1146),(1147,1148,1149),(1148,1147,1150),(1151,1152,1153),(1152,1151,1154),(1155,1156,1157),(1156,1155,1158),(1159,1160,1161),(1160,1159,1162),(1163,1164,1165),(1164,1163,1166),(1167,1168,1169),(1168,1167,1170),(1171,1172,1173),(1172,1171,1174),(1175,1176,1177),(1176,1175,1178),(1179,1180,1181),(1180,1179,1182),(1183,1184,1185),(1184,1183,1186),(1187,1188,1189),(1188,1187,1190),(1191,1192,1193),(1192,1191,1194),(1195,1196,1197),(1196,1195,1198),(1199,1200,1201),(1200,1199,1202),(1203,1204,1205),(1204,1203,1206),(1207,1208,1209),(1208,1207,1210),(1211,1212,1213),(1212,1211,1214),(1215,1216,1217),(1216,1215,1218),(1219,1220,1221),(1220,1219,1222),(1223,1224,1225),(1224,1223,1226),(1227,1228,1229),(1228,1227,1230),(1231,1232,1233),(1232,1231,1234),(1235,1236,1237),(1236,1235,1238),(1239,1240,1241),(1240,1239,1242),(1243,1244,1245),(1244,1243,1246),(1247,1248,1249),(1248,1247,1250),(1251,1252,1253),(1252,1251,1254),(1255,1256,1257),(1256,1255,1258),(1259,1260,1261),(1260,1259,1262),(1263,1264,1265),(1264,1263,1266),(1267,1268,1269),(1268,1267,1270)),$);
#366=IFCCARTESIANPOINTLIST3D(((0.29999999999999999,-300.,5.),(0.29999999999999999,-500.,0.),(0.29999999999999999,-500.,5.),(0.29999999999999999,-300.,0.),(97.844999999999999,-490.39299999999997,5.),(0.29999999999999999,-300.,5.),(0.29999999999999999,-500.,5.),(58.826999999999998,-294.23599999999999,5.),(115.105,-277.16399999999999,5.),(191.642,-461.94,5.),(166.971,-249.441,5.),(212.43199999999999,-212.13200000000001,5.),(278.08499999999998,-415.73500000000001,5.),(249.74100000000001,-166.67099999999999,5.),(277.464,-114.80500000000001,5.),(294.536,-58.527000000000001,5.),(353.85300000000001,-353.553,5.),(300.30000000000001,0.,5.),(500.30000000000001,0.,5.),(416.03500000000003,-277.78500000000003,5.),(462.24000000000001,-191.34200000000001,5.),(490.69299999999998,-97.545000000000002,5.),(0.29999999999999999,-300.,5.),(58.826999999999998,-294.23599999999999,0.),(0.29999999999999999,-300.,0.),(58.826999999999998,-294.23599999999999,5.),(300.30000000000001,0.,5.),(500.30000000000001,0.,0.),(300.30000000000001,0.,0.),(500.30000000000001,0.,5.),(300.30000000000001,0.,5.),(294.536,-58.527000000000001,0.),(294.536,-58.527000000000001,5.),(300.30000000000001,0.,0.),(191.642,-461.94,5.),(97.844999999999999,-490.39299999999997,0.),(191.642,-461.94,0.),(97.844999999999999,-490.39299999999997,5.),(0.29999999999999999,-300.,0.),(97.844999999999999,-490.39299999999997,0.),(0.29999999999999999,-500.,0.),(58.826999999999998,-294.23599999999999,0.),(115.105,-277.16399999999999,0.),(191.642,-461.94,0.),(166.971,-249.441,0.),(212.43199999999999,-212.13200000000001,0.),(278.08499999999998,-415.73500000000001,0.),(249.74100000000001,-166.67099999999999,0.),(277.464,-114.80500000000001,0.),(294.536,-58.527000000000001,0.),(353.85300000000001,-353.553,0.),(300.30000000000001,0.,0.),(500.30000000000001,0.,0.),(416.03500000000003,-277.78500000000003,0.),(462.24000000000001,-191.34200000000001,0.),(490.69299999999998,-97.545000000000002,0.),(490.69299999999998,-97.545000000000002,0.),(462.24000000000001,-191.34200000000001,5.),(462.24000000000001,-191.34200000000001,0.),(490.69299999999998,-97.545000000000002,5.),(462.24000000000001,-191.34200000000001,0.),(416.03500000000003,-277.78500000000003,5.),(416.03500000000003,-277.78500000000003,0.),(462.24000000000001,-191.34200000000001,5.),(500.30000000000001,0.,0.),(490.69299999999998,-97.545000000000002,5.),(490.69299999999998,-97.545000000000002,0.),(500.30000000000001,0.,5.),(278.08499999999998,-415.73500000000001,5.),(191.642,-461.94,0.),(278.08499999999998,-415.73500000000001,0.),(191.642,-461.94,5.),(353.85300000000001,-353.553,5.),(278.08499999999998,-415.73500000000001,0.),(353.85300000000001,-353.553,0.),(278.08499999999998,-415.73500000000001,5.),(58.826999999999998,-294.23599999999999,5.),(115.105,-277.16399999999999,0.),(58.826999999999998,-294.23599999999999,0.),(115.105,-277.16399999999999,5.),(416.03500000000003,-277.78500000000003,0.),(353.85300000000001,-353.553,5.),(353.85300000000001,-353.553,0.),(416.03500000000003,-277.78500000000003,5.),(294.536,-58.527000000000001,5.),(277.464,-114.80500000000001,0.),(277.464,-114.80500000000001,5.),(294.536,-58.527000000000001,0.),(97.844999999999999,-490.39299999999997,5.),(0.29999999999999999,-500.,0.),(97.844999999999999,-490.39299999999997,0.),(0.29999999999999999,-500.,5.),(877.31299999999999,53.796999999999997,0.),(881.79300000000001,37.789000000000001,5.),(881.79300000000001,37.789000000000001,0.),(877.31299999999999,53.796999999999997,5.),(871.04100000000005,68.829999999999998,0.),(877.31299999999999,53.796999999999997,5.),(877.31299999999999,53.796999999999997,0.),(871.04100000000005,68.829999999999998,5.),(813.42499999999995,-115.375,5.),(798.774,-120.117,0.),(813.42499999999995,-115.375,0.),(798.774,-120.117,5.),(827.52999999999997,-108.736,5.),(813.42499999999995,-115.375,0.),(827.52999999999997,-108.736,0.),(813.42499999999995,-115.375,5.),(705.79999999999995,-107.143,5.),(692.96199999999999,-97.994,0.),(705.79999999999995,-107.143,0.),(692.96199999999999,-97.994,5.),(884.43399999999997,-15.353,0.),(881.60400000000004,-32.57,5.),(881.60400000000004,-32.57,0.),(884.43399999999997,-15.353,5.),(885.37699999999995,2.8500000000000001,0.),(884.43399999999997,-15.353,5.),(884.43399999999997,-15.353,0.),(885.37699999999995,2.8500000000000001,5.),(683.16399999999999,95.825000000000003,5.),(668.78599999999994,76.852000000000004,0.),(668.78599999999994,76.852000000000004,5.),(683.16399999999999,95.825000000000003,0.),(683.16399999999999,95.825000000000003,5.),(700.78999999999996,110.973,0.),(683.16399999999999,95.825000000000003,0.),(700.78999999999996,110.973,5.),(720.80600000000004,121.79300000000001,5.),(743.21199999999999,128.285,0.),(720.80600000000004,121.79300000000001,0.),(743.21199999999999,128.285,5.),(743.21199999999999,128.285,5.),(768.00599999999997,130.44900000000001,0.),(743.21199999999999,128.285,0.),(768.00599999999997,130.44900000000001,5.),(700.78999999999996,110.973,5.),(720.80600000000004,121.79300000000001,0.),(700.78999999999996,110.973,0.),(720.80600000000004,121.79300000000001,5.),(800.36699999999996,126.383,5.),(815.28999999999996,121.301,0.),(800.36699999999996,126.383,0.),(815.28999999999996,121.301,5.),(768.17399999999998,102.44799999999999,5.),(751.50599999999997,100.965,0.),(768.17399999999998,102.44799999999999,0.),(751.50599999999997,100.965,5.),(791.29200000000003,99.367000000000004,5.),(768.17399999999998,102.44799999999999,0.),(791.29200000000003,99.367000000000004,0.),(768.17399999999998,102.44799999999999,5.),(884.48099999999999,20.806999999999999,0.),(885.37699999999995,2.8500000000000001,5.),(885.37699999999995,2.8500000000000001,0.),(884.48099999999999,20.806999999999999,5.),(861.95500000000004,-77.909999999999997,0.),(852.05200000000002,-89.977000000000004,5.),(852.05200000000002,-89.977000000000004,0.),(861.95500000000004,-77.909999999999997,5.),(870.28700000000003,-64.051000000000002,0.),(861.95500000000004,-77.909999999999997,5.),(861.95500000000004,-77.909999999999997,0.),(870.28700000000003,-64.051000000000002,5.),(652.35400000000004,28.939,5.),(650.29999999999995,0.,0.),(650.29999999999995,0.,5.),(652.35400000000004,28.939,0.),(658.51599999999996,54.557000000000002,5.),(652.35400000000004,28.939,0.),(652.35400000000004,28.939,5.),(658.51599999999996,54.557000000000002,0.),(815.28999999999996,121.301,5.),(829.37400000000002,114.185,0.),(815.28999999999996,121.301,0.),(829.37400000000002,114.185,5.),(881.79300000000001,37.789000000000001,0.),(884.48099999999999,20.806999999999999,5.),(884.48099999999999,20.806999999999999,0.),(881.79300000000001,37.789000000000001,5.),(689.80799999999999,-40.219999999999999,0.),(697.27499999999998,-56.542000000000002,5.),(697.27499999999998,-56.542000000000002,0.),(689.80799999999999,-40.219999999999999,5.),(697.27499999999998,-56.542000000000002,0.),(707.72799999999995,-70.506,5.),(707.72799999999995,-70.506,0.),(697.27499999999998,-56.542000000000002,5.),(650.29999999999995,0.,5.),(653.82100000000003,-31.521999999999998,0.),(653.82100000000003,-31.521999999999998,5.),(650.29999999999995,0.,0.),(653.82100000000003,-31.521999999999998,5.),(664.38499999999999,-61.368000000000002,0.),(664.38499999999999,-61.368000000000002,5.),(653.82100000000003,-31.521999999999998,0.),(664.38499999999999,-61.368000000000002,5.),(672.255,-75.106999999999999,0.),(672.255,-75.106999999999999,5.),(664.38499999999999,-61.368000000000002,0.),(685.32799999999997,-21.541,0.),(689.80799999999999,-40.219999999999999,5.),(689.80799999999999,-40.219999999999999,0.),(685.32799999999997,-21.541,5.),(668.78599999999994,76.852000000000004,5.),(658.51599999999996,54.557000000000002,0.),(658.51599999999996,54.557000000000002,5.),(668.78599999999994,76.852000000000004,0.),(881.60400000000004,-32.57,0.),(876.88900000000001,-48.802999999999997,5.),(876.88900000000001,-48.802999999999997,0.),(881.60400000000004,-32.57,5.),(767.83900000000006,-123.91,5.),(750.94600000000003,-122.86199999999999,0.),(767.83900000000006,-123.91,0.),(750.94600000000003,-122.86199999999999,5.),(783.57899999999995,-122.962,5.),(767.83900000000006,-123.91,0.),(783.57899999999995,-122.962,0.),(767.83900000000006,-123.91,5.),(798.774,-120.117,5.),(783.57899999999995,-122.962,0.),(798.774,-120.117,0.),(783.57899999999995,-122.962,5.),(829.37400000000002,114.185,5.),(842.22799999999995,105.251,0.),(829.37400000000002,114.185,0.),(842.22799999999995,105.251,5.),(853.45600000000002,94.713999999999999,0.),(863.06100000000004,82.573999999999998,5.),(863.06100000000004,82.573999999999998,0.),(853.45600000000002,94.713999999999999,5.),(863.06100000000004,82.573999999999998,0.),(871.04100000000005,68.829999999999998,5.),(871.04100000000005,68.829999999999998,0.),(863.06100000000004,82.573999999999998,5.),(768.00599999999997,130.44900000000001,5.),(784.60599999999999,129.43299999999999,0.),(768.00599999999997,130.44900000000001,0.),(784.60599999999999,129.43299999999999,5.),(784.60599999999999,129.43299999999999,5.),(800.36699999999996,126.383,0.),(784.60599999999999,129.43299999999999,0.),(800.36699999999996,126.383,5.),(876.88900000000001,-48.802999999999997,0.),(870.28700000000003,-64.051000000000002,5.),(870.28700000000003,-64.051000000000002,0.),(876.88900000000001,-48.802999999999997,5.),(842.22799999999995,105.251,5.),(853.45600000000002,94.713999999999999,0.),(842.22799999999995,105.251,0.),(853.45600000000002,94.713999999999999,5.),(750.94600000000003,-122.86199999999999,5.),(734.97500000000002,-119.718,0.),(750.94600000000003,-122.86199999999999,0.),(734.97500000000002,-119.718,5.),(719.92600000000004,-114.479,5.),(705.79999999999995,-107.143,0.),(719.92600000000004,-114.479,0.),(705.79999999999995,-107.143,5.),(672.255,-75.106999999999999,5.),(681.78099999999995,-87.316000000000003,0.),(681.78099999999995,-87.316000000000003,5.),(672.255,-75.106999999999999,0.),(692.96199999999999,-97.994,5.),(681.78099999999995,-87.316000000000003,0.),(692.96199999999999,-97.994,0.),(681.78099999999995,-87.316000000000003,5.),(734.97500000000002,-119.718,5.),(719.92600000000004,-114.479,0.),(734.97500000000002,-119.718,0.),(719.92600000000004,-114.479,5.),(683.83500000000004,-0.503,0.),(685.32799999999997,-21.541,5.),(685.32799999999997,-21.541,0.),(683.83500000000004,-0.503,5.),(840.577,-100.253,5.),(827.52999999999997,-108.736,0.),(840.577,-100.253,0.),(827.52999999999997,-108.736,5.),(767.67100000000005,-96.075999999999993,5.),(785.21900000000005,-94.462999999999994,0.),(767.67100000000005,-96.075999999999993,0.),(785.21900000000005,-94.462999999999994,5.),(750.40599999999995,-94.477999999999994,5.),(767.67100000000005,-96.075999999999993,0.),(750.40599999999995,-94.477999999999994,0.),(767.67100000000005,-96.075999999999993,5.),(685.39099999999996,25.260999999999999,0.),(683.83500000000004,-0.503,5.),(683.83500000000004,-0.503,0.),(685.39099999999996,25.260999999999999,5.),(690.05899999999997,47.052999999999997,0.),(685.39099999999996,25.260999999999999,5.),(685.39099999999996,25.260999999999999,0.),(690.05899999999997,47.052999999999997,5.),(852.05200000000002,-89.977000000000004,5.),(840.577,-100.253,0.),(852.05200000000002,-89.977000000000004,0.),(840.577,-100.253,5.),(707.72799999999995,-70.506,5.),(720.43399999999997,-81.692999999999998,0.),(707.72799999999995,-70.506,0.),(720.43399999999997,-81.692999999999998,5.),(-867.33900000000006,-122.904,5.),(-900.53800000000001,-122.904,0.),(-867.33900000000006,-122.904,0.),(-900.53800000000001,-122.904,5.),(-717.10400000000004,-122.904,5.),(-748.45899999999995,-122.904,0.),(-717.10400000000004,-122.904,0.),(-748.45899999999995,-122.904,5.),(-649.70000000000005,122.904,0.),(-717.10400000000004,-122.904,5.),(-717.10400000000004,-122.904,0.),(-649.70000000000005,122.904,5.),(-826.76199999999994,122.904,5.),(-873.54300000000001,-43.091999999999999,0.),(-873.54300000000001,-43.091999999999999,5.),(-826.76199999999994,122.904,0.),(-64.254000000000005,843.15899999999999,0.),(-64.254000000000005,650.,5.),(-64.254000000000005,650.,0.),(-64.254000000000005,843.15899999999999,5.),(-64.254000000000005,650.,5.),(-95.441000000000003,895.80799999999999,5.),(-95.441000000000003,650.,5.),(-64.254000000000005,843.15899999999999,5.),(-62.073999999999998,895.80799999999999,5.),(64.853999999999999,650.,5.),(67.034000000000006,702.81700000000001,5.),(98.221000000000004,650.,5.),(98.221000000000004,895.80799999999999,5.),(67.034000000000006,895.80799999999999,5.),(-740.91399999999999,-46.402999999999999,0.),(-733.20100000000002,-88.531000000000006,5.),(-733.20100000000002,-88.531000000000006,0.),(-740.91399999999999,-46.402999999999999,5.),(-720.96100000000001,-35.043999999999997,5.),(-733.20100000000002,-88.531000000000006,0.),(-733.20100000000002,-88.531000000000006,5.),(-720.96100000000001,-35.043999999999997,0.),(-815.19299999999998,64.385999999999996,0.),(-867.33900000000006,-122.904,5.),(-867.33900000000006,-122.904,0.),(-815.19299999999998,64.385999999999996,5.),(-807.98299999999995,93.225999999999999,0.),(-815.19299999999998,64.385999999999996,5.),(-815.19299999999998,64.385999999999996,0.),(-807.98299999999995,93.225999999999999,5.),(-800.26999999999998,64.385999999999996,5.),(-748.45899999999995,-122.904,0.),(-748.45899999999995,-122.904,5.),(-800.26999999999998,64.385999999999996,0.),(-932.39599999999996,122.904,0.),(-895.005,-38.228999999999999,5.),(-895.005,-38.228999999999999,0.),(-932.39599999999996,122.904,5.),(-932.39599999999996,122.904,0.),(-900.53800000000001,-122.904,0.),(-965.76300000000003,122.904,0.),(-895.005,-38.228999999999999,0.),(-884.60900000000004,-88.531000000000006,0.),(-867.33900000000006,-122.904,0.),(-873.54300000000001,-43.091999999999999,0.),(-826.76199999999994,122.904,0.),(-815.19299999999998,64.385999999999996,0.),(-807.98299999999995,93.225999999999999,0.),(-787.52700000000004,122.904,0.),(-800.26999999999998,64.385999999999996,0.),(-748.45899999999995,-122.904,0.),(-752.31600000000003,-1.5089999999999999,0.),(-740.91399999999999,-46.402999999999999,0.),(-733.20100000000002,-88.531000000000006,0.),(-717.10400000000004,-122.904,0.),(-720.96100000000001,-35.043999999999997,0.),(-682.39599999999996,122.904,0.),(-649.70000000000005,122.904,0.),(-873.54300000000001,-43.091999999999999,5.),(-884.60900000000004,-88.531000000000006,0.),(-884.60900000000004,-88.531000000000006,5.),(-873.54300000000001,-43.091999999999999,0.),(-900.53800000000001,-122.904,5.),(-932.39599999999996,122.904,5.),(-965.76300000000003,122.904,5.),(-895.005,-38.228999999999999,5.),(-884.60900000000004,-88.531000000000006,5.),(-867.33900000000006,-122.904,5.),(-873.54300000000001,-43.091999999999999,5.),(-826.76199999999994,122.904,5.),(-815.19299999999998,64.385999999999996,5.),(-807.98299999999995,93.225999999999999,5.),(-787.52700000000004,122.904,5.),(-800.26999999999998,64.385999999999996,5.),(-748.45899999999995,-122.904,5.),(-752.31600000000003,-1.5089999999999999,5.),(-740.91399999999999,-46.402999999999999,5.),(-733.20100000000002,-88.531000000000006,5.),(-717.10400000000004,-122.904,5.),(-720.96100000000001,-35.043999999999997,5.),(-682.39599999999996,122.904,5.),(-649.70000000000005,122.904,5.),(812.01999999999998,90.123999999999995,5.),(791.29200000000003,99.367000000000004,0.),(812.01999999999998,90.123999999999995,0.),(791.29200000000003,99.367000000000004,5.),(829.20699999999999,75.284999999999997,5.),(812.01999999999998,90.123999999999995,0.),(829.20699999999999,75.284999999999997,0.),(812.01999999999998,90.123999999999995,5.),(850.36000000000001,-19.356000000000002,5.),(845.91099999999994,-39.026000000000003,0.),(845.91099999999994,-39.026000000000003,5.),(850.36000000000001,-19.356000000000002,0.),(845.91099999999994,-39.026000000000003,5.),(838.49699999999996,-55.991999999999997,0.),(838.49699999999996,-55.991999999999997,5.),(845.91099999999994,-39.026000000000003,0.),(721.78599999999994,89.102000000000004,5.),(708.73400000000004,78.721999999999994,0.),(721.78599999999994,89.102000000000004,0.),(708.73400000000004,78.721999999999994,5.),(708.73400000000004,78.721999999999994,0.),(697.84000000000003,64.873999999999995,5.),(697.84000000000003,64.873999999999995,0.),(708.73400000000004,78.721999999999994,5.),(838.49699999999996,-55.991999999999997,5.),(828.11699999999996,-70.254999999999995,0.),(828.11699999999996,-70.254999999999995,5.),(838.49699999999996,-55.991999999999997,0.),(815.44200000000001,-81.552000000000007,5.),(828.11699999999996,-70.254999999999995,0.),(815.44200000000001,-81.552000000000007,0.),(828.11699999999996,-70.254999999999995,5.),(697.84000000000003,64.873999999999995,0.),(690.05899999999997,47.052999999999997,5.),(690.05899999999997,47.052999999999997,0.),(697.84000000000003,64.873999999999995,5.),(736.04399999999998,96.516999999999996,5.),(721.78599999999994,89.102000000000004,0.),(736.04399999999998,96.516999999999996,0.),(721.78599999999994,89.102000000000004,5.),(751.50599999999997,100.965,5.),(736.04399999999998,96.516999999999996,0.),(751.50599999999997,100.965,0.),(736.04399999999998,96.516999999999996,5.),(720.43399999999997,-81.692999999999998,5.),(734.65999999999997,-89.683999999999997,0.),(720.43399999999997,-81.692999999999998,0.),(734.65999999999997,-89.683999999999997,5.),(734.65999999999997,-89.683999999999997,5.),(750.40599999999995,-94.477999999999994,0.),(734.65999999999997,-89.683999999999997,0.),(750.40599999999995,-94.477999999999994,5.),(841.69799999999998,55.415999999999997,5.),(849.30700000000002,31.123999999999999,0.),(849.30700000000002,31.123999999999999,5.),(841.69799999999998,55.415999999999997,0.),(849.30700000000002,31.123999999999999,5.),(851.84299999999996,3.0179999999999998,0.),(851.84299999999996,3.0179999999999998,5.),(849.30700000000002,31.123999999999999,0.),(785.21900000000005,-94.462999999999994,5.),(801.14300000000003,-89.620999999999995,0.),(785.21900000000005,-94.462999999999994,0.),(801.14300000000003,-89.620999999999995,5.),(829.20699999999999,75.284999999999997,5.),(841.69799999999998,55.415999999999997,0.),(841.69799999999998,55.415999999999997,5.),(829.20699999999999,75.284999999999997,0.),(801.14300000000003,-89.620999999999995,5.),(815.44200000000001,-81.552000000000007,0.),(801.14300000000003,-89.620999999999995,0.),(815.44200000000001,-81.552000000000007,5.),(851.84299999999996,3.0179999999999998,5.),(850.36000000000001,-19.356000000000002,0.),(850.36000000000001,-19.356000000000002,5.),(851.84299999999996,3.0179999999999998,0.),(-682.39599999999996,122.904,5.),(-720.96100000000001,-35.043999999999997,0.),(-720.96100000000001,-35.043999999999997,5.),(-682.39599999999996,122.904,0.),(-965.76300000000003,122.904,5.),(-900.53800000000001,-122.904,0.),(-900.53800000000001,-122.904,5.),(-965.76300000000003,122.904,0.),(-807.98299999999995,93.225999999999999,5.),(-800.26999999999998,64.385999999999996,0.),(-800.26999999999998,64.385999999999996,5.),(-807.98299999999995,93.225999999999999,0.),(-826.76199999999994,122.904,5.),(-787.52700000000004,122.904,0.),(-826.76199999999994,122.904,0.),(-787.52700000000004,122.904,5.),(-682.39599999999996,122.904,5.),(-649.70000000000005,122.904,0.),(-682.39599999999996,122.904,0.),(-649.70000000000005,122.904,5.),(-787.52700000000004,122.904,0.),(-752.31600000000003,-1.5089999999999999,5.),(-752.31600000000003,-1.5089999999999999,0.),(-787.52700000000004,122.904,5.),(-752.31600000000003,-1.5089999999999999,0.),(-740.91399999999999,-46.402999999999999,5.),(-740.91399999999999,-46.402999999999999,0.),(-752.31600000000003,-1.5089999999999999,5.),(-895.005,-38.228999999999999,0.),(-884.60900000000004,-88.531000000000006,5.),(-884.60900000000004,-88.531000000000006,0.),(-895.005,-38.228999999999999,5.),(-965.76300000000003,122.904,5.),(-932.39599999999996,122.904,0.),(-965.76300000000003,122.904,0.),(-932.39599999999996,122.904,5.),(67.034000000000006,895.80799999999999,5.),(98.221000000000004,895.80799999999999,0.),(67.034000000000006,895.80799999999999,0.),(98.221000000000004,895.80799999999999,5.),(67.034000000000006,895.80799999999999,5.),(67.034000000000006,702.81700000000001,0.),(67.034000000000006,702.81700000000001,5.),(67.034000000000006,895.80799999999999,0.),(-95.441000000000003,895.80799999999999,5.),(-95.441000000000003,650.,0.),(-95.441000000000003,650.,5.),(-95.441000000000003,895.80799999999999,0.),(-64.254000000000005,650.,5.),(-95.441000000000003,650.,0.),(-64.254000000000005,650.,0.),(-95.441000000000003,650.,5.),(-95.441000000000003,895.80799999999999,5.),(-62.073999999999998,895.80799999999999,0.),(-95.441000000000003,895.80799999999999,0.),(-62.073999999999998,895.80799999999999,5.),(-62.073999999999998,895.80799999999999,0.),(67.034000000000006,702.81700000000001,5.),(67.034000000000006,702.81700000000001,0.),(-62.073999999999998,895.80799999999999,5.),(98.221000000000004,895.80799999999999,0.),(67.034000000000006,702.81700000000001,0.),(67.034000000000006,895.80799999999999,0.),(98.221000000000004,650.,0.),(-62.073999999999998,895.80799999999999,0.),(-95.441000000000003,650.,0.),(-95.441000000000003,895.80799999999999,0.),(-64.254000000000005,843.15899999999999,0.),(64.853999999999999,650.,0.),(-64.254000000000005,650.,0.),(98.221000000000004,650.,5.),(64.853999999999999,650.,0.),(98.221000000000004,650.,0.),(64.853999999999999,650.,5.),(-64.254000000000005,843.15899999999999,5.),(64.853999999999999,650.,0.),(64.853999999999999,650.,5.),(-64.254000000000005,843.15899999999999,0.),(98.221000000000004,895.80799999999999,0.),(98.221000000000004,650.,5.),(98.221000000000004,650.,0.),(98.221000000000004,895.80799999999999,5.),(-293.93599999999998,58.527000000000001,0.),(-299.69999999999999,0.,5.),(-299.69999999999999,0.,0.),(-293.93599999999998,58.527000000000001,5.),(249.74100000000001,-166.67099999999999,5.),(212.43199999999999,-212.13200000000001,0.),(212.43199999999999,-212.13200000000001,5.),(249.74100000000001,-166.67099999999999,0.),(166.971,-249.441,5.),(212.43199999999999,-212.13200000000001,0.),(166.971,-249.441,0.),(212.43199999999999,-212.13200000000001,5.),(-490.09300000000002,97.545000000000002,0.),(-299.69999999999999,0.,0.),(-499.69999999999999,0.,0.),(-461.63999999999999,191.34200000000001,0.),(-415.435,277.78500000000003,0.),(-353.25299999999999,353.553,0.),(-277.48500000000001,415.73500000000001,0.),(-293.93599999999998,58.527000000000001,0.),(-276.86399999999998,114.80500000000001,0.),(-191.042,461.94,0.),(-249.14099999999999,166.67099999999999,0.),(-211.83199999999999,212.13200000000001,0.),(-166.37100000000001,249.441,0.),(-97.245000000000005,490.39299999999997,0.),(-114.505,277.16399999999999,0.),(-58.226999999999997,294.23599999999999,0.),(0.29999999999999999,500.,0.),(0.29999999999999999,300.,0.),(-299.69999999999999,0.,5.),(-490.09300000000002,97.545000000000002,5.),(-499.69999999999999,0.,5.),(-461.63999999999999,191.34200000000001,5.),(-415.435,277.78500000000003,5.),(-353.25299999999999,353.553,5.),(-277.48500000000001,415.73500000000001,5.),(-293.93599999999998,58.527000000000001,5.),(-276.86399999999998,114.80500000000001,5.),(-191.042,461.94,5.),(-249.14099999999999,166.67099999999999,5.),(-211.83199999999999,212.13200000000001,5.),(-166.37100000000001,249.441,5.),(-97.245000000000005,490.39299999999997,5.),(-114.505,277.16399999999999,5.),(-58.226999999999997,294.23599999999999,5.),(0.29999999999999999,500.,5.),(0.29999999999999999,300.,5.),(0.29999999999999999,500.,0.),(0.29999999999999999,300.,5.),(0.29999999999999999,300.,0.),(0.29999999999999999,500.,5.),(-114.505,277.16399999999999,5.),(-166.37100000000001,249.441,0.),(-114.505,277.16399999999999,0.),(-166.37100000000001,249.441,5.),(-58.226999999999997,294.23599999999999,5.),(-114.505,277.16399999999999,0.),(-58.226999999999997,294.23599999999999,0.),(-114.505,277.16399999999999,5.),(0.29999999999999999,300.,5.),(-58.226999999999997,294.23599999999999,0.),(0.29999999999999999,300.,0.),(-58.226999999999997,294.23599999999999,5.),(115.105,-277.16399999999999,5.),(166.971,-249.441,0.),(115.105,-277.16399999999999,0.),(166.971,-249.441,5.),(-299.69999999999999,0.,5.),(-499.69999999999999,0.,0.),(-299.69999999999999,0.,0.),(-499.69999999999999,0.,5.),(277.464,-114.80500000000001,5.),(249.74100000000001,-166.67099999999999,0.),(249.74100000000001,-166.67099999999999,5.),(277.464,-114.80500000000001,0.),(-97.245000000000005,490.39299999999997,5.),(0.29999999999999999,500.,0.),(-97.245000000000005,490.39299999999997,0.),(0.29999999999999999,500.,5.),(-490.09300000000002,97.545000000000002,5.),(-499.69999999999999,0.,0.),(-499.69999999999999,0.,5.),(-490.09300000000002,97.545000000000002,0.),(-276.86399999999998,114.80500000000001,0.),(-293.93599999999998,58.527000000000001,5.),(-293.93599999999998,58.527000000000001,0.),(-276.86399999999998,114.80500000000001,5.),(-211.83199999999999,212.13200000000001,0.),(-249.14099999999999,166.67099999999999,5.),(-249.14099999999999,166.67099999999999,0.),(-211.83199999999999,212.13200000000001,5.),(-249.14099999999999,166.67099999999999,0.),(-276.86399999999998,114.80500000000001,5.),(-276.86399999999998,114.80500000000001,0.),(-249.14099999999999,166.67099999999999,5.),(-461.63999999999999,191.34200000000001,5.),(-490.09300000000002,97.545000000000002,0.),(-490.09300000000002,97.545000000000002,5.),(-461.63999999999999,191.34200000000001,0.),(-353.25299999999999,353.553,5.),(-277.48500000000001,415.73500000000001,0.),(-353.25299999999999,353.553,0.),(-277.48500000000001,415.73500000000001,5.),(-353.25299999999999,353.553,5.),(-415.435,277.78500000000003,0.),(-415.435,277.78500000000003,5.),(-353.25299999999999,353.553,0.),(-415.435,277.78500000000003,5.),(-461.63999999999999,191.34200000000001,0.),(-461.63999999999999,191.34200000000001,5.),(-415.435,277.78500000000003,0.),(-191.042,461.94,5.),(-97.245000000000005,490.39299999999997,0.),(-191.042,461.94,0.),(-97.245000000000005,490.39299999999997,5.),(-277.48500000000001,415.73500000000001,5.),(-191.042,461.94,0.),(-277.48500000000001,415.73500000000001,0.),(-191.042,461.94,5.),(-166.37100000000001,249.441,5.),(-211.83199999999999,212.13200000000001,0.),(-166.37100000000001,249.441,0.),(-211.83199999999999,212.13200000000001,5.),(683.16399999999999,95.825000000000003,0.),(685.39099999999996,25.260999999999999,0.),(683.83500000000004,-0.503,0.),(700.78999999999996,110.973,0.),(690.05899999999997,47.052999999999997,0.),(697.84000000000003,64.873999999999995,0.),(708.73400000000004,78.721999999999994,0.),(720.80600000000004,121.79300000000001,0.),(721.78599999999994,89.102000000000004,0.),(743.21199999999999,128.285,0.),(736.04399999999998,96.516999999999996,0.),(751.50599999999997,100.965,0.),(768.00599999999997,130.44900000000001,0.),(768.17399999999998,102.44799999999999,0.),(784.60599999999999,129.43299999999999,0.),(791.29200000000003,99.367000000000004,0.),(800.36699999999996,126.383,0.),(812.01999999999998,90.123999999999995,0.),(815.28999999999996,121.301,0.),(829.20699999999999,75.284999999999997,0.),(829.37400000000002,114.185,0.),(841.69799999999998,55.415999999999997,0.),(842.22799999999995,105.251,0.),(849.30700000000002,31.123999999999999,0.),(853.45600000000002,94.713999999999999,0.),(851.84299999999996,3.0179999999999998,0.),(852.05200000000002,-89.977000000000004,0.),(861.95500000000004,-77.909999999999997,0.),(863.06100000000004,82.573999999999998,0.),(870.28700000000003,-64.051000000000002,0.),(871.04100000000005,68.829999999999998,0.),(876.88900000000001,-48.802999999999997,0.),(877.31299999999999,53.796999999999997,0.),(881.60400000000004,-32.57,0.),(881.79300000000001,37.789000000000001,0.),(884.43399999999997,-15.353,0.),(884.48099999999999,20.806999999999999,0.),(885.37699999999995,2.8500000000000001,0.),(652.35400000000004,28.939,0.),(653.82100000000003,-31.521999999999998,0.),(650.29999999999995,0.,0.),(658.51599999999996,54.557000000000002,0.),(664.38499999999999,-61.368000000000002,0.),(668.78599999999994,76.852000000000004,0.),(672.255,-75.106999999999999,0.),(681.78099999999995,-87.316000000000003,0.),(685.32799999999997,-21.541,0.),(692.96199999999999,-97.994,0.),(689.80799999999999,-40.219999999999999,0.),(697.27499999999998,-56.542000000000002,0.),(705.79999999999995,-107.143,0.),(707.72799999999995,-70.506,0.),(719.92600000000004,-114.479,0.),(720.43399999999997,-81.692999999999998,0.),(734.97500000000002,-119.718,0.),(734.65999999999997,-89.683999999999997,0.),(750.40599999999995,-94.477999999999994,0.),(750.94600000000003,-122.86199999999999,0.),(767.67100000000005,-96.075999999999993,0.),(767.83900000000006,-123.91,0.),(785.21900000000005,-94.462999999999994,0.),(783.57899999999995,-122.962,0.),(798.774,-120.117,0.),(801.14300000000003,-89.620999999999995,0.),(813.42499999999995,-115.375,0.),(815.44200000000001,-81.552000000000007,0.),(827.52999999999997,-108.736,0.),(828.11699999999996,-70.254999999999995,0.),(840.577,-100.253,0.),(838.49699999999996,-55.991999999999997,0.),(845.91099999999994,-39.026000000000003,0.),(850.36000000000001,-19.356000000000002,0.),(653.82100000000003,-31.521999999999998,5.),(652.35400000000004,28.939,5.),(650.29999999999995,0.,5.),(658.51599999999996,54.557000000000002,5.),(664.38499999999999,-61.368000000000002,5.),(668.78599999999994,76.852000000000004,5.),(672.255,-75.106999999999999,5.),(683.16399999999999,95.825000000000003,5.),(681.78099999999995,-87.316000000000003,5.),(683.83500000000004,-0.503,5.),(685.32799999999997,-21.541,5.),(692.96199999999999,-97.994,5.),(689.80799999999999,-40.219999999999999,5.),(697.27499999999998,-56.542000000000002,5.),(705.79999999999995,-107.143,5.),(707.72799999999995,-70.506,5.),(719.92600000000004,-114.479,5.),(720.43399999999997,-81.692999999999998,5.),(734.97500000000002,-119.718,5.),(734.65999999999997,-89.683999999999997,5.),(750.40599999999995,-94.477999999999994,5.),(750.94600000000003,-122.86199999999999,5.),(767.67100000000005,-96.075999999999993,5.),(767.83900000000006,-123.91,5.),(785.21900000000005,-94.462999999999994,5.),(783.57899999999995,-122.962,5.),(798.774,-120.117,5.),(801.14300000000003,-89.620999999999995,5.),(813.42499999999995,-115.375,5.),(815.44200000000001,-81.552000000000007,5.),(827.52999999999997,-108.736,5.),(828.11699999999996,-70.254999999999995,5.),(840.577,-100.253,5.),(838.49699999999996,-55.991999999999997,5.),(845.91099999999994,-39.026000000000003,5.),(852.05200000000002,-89.977000000000004,5.),(850.36000000000001,-19.356000000000002,5.),(851.84299999999996,3.0179999999999998,5.),(685.39099999999996,25.260999999999999,5.),(700.78999999999996,110.973,5.),(690.05899999999997,47.052999999999997,5.),(697.84000000000003,64.873999999999995,5.),(708.73400000000004,78.721999999999994,5.),(720.80600000000004,121.79300000000001,5.),(721.78599999999994,89.102000000000004,5.),(743.21199999999999,128.285,5.),(736.04399999999998,96.516999999999996,5.),(751.50599999999997,100.965,5.),(768.00599999999997,130.44900000000001,5.),(768.17399999999998,102.44799999999999,5.),(784.60599999999999,129.43299999999999,5.),(791.29200000000003,99.367000000000004,5.),(800.36699999999996,126.383,5.),(812.01999999999998,90.123999999999995,5.),(815.28999999999996,121.301,5.),(829.20699999999999,75.284999999999997,5.),(829.37400000000002,114.185,5.),(841.69799999999998,55.415999999999997,5.),(842.22799999999995,105.251,5.),(849.30700000000002,31.123999999999999,5.),(853.45600000000002,94.713999999999999,5.),(861.95500000000004,-77.909999999999997,5.),(863.06100000000004,82.573999999999998,5.),(870.28700000000003,-64.051000000000002,5.),(871.04100000000005,68.829999999999998,5.),(876.88900000000001,-48.802999999999997,5.),(877.31299999999999,53.796999999999997,5.),(881.60400000000004,-32.57,5.),(881.79300000000001,37.789000000000001,5.),(884.43399999999997,-15.353,5.),(884.48099999999999,20.806999999999999,5.),(885.37699999999995,2.8500000000000001,5.),(0.29999999999999999,200.,0.),(200.30000000000001,0.,0.),(0.29999999999999999,0.,0.),(200.30000000000001,200.,0.),(200.30000000000001,0.,100.),(0.29999999999999999,200.,100.),(0.29999999999999999,0.,100.),(200.30000000000001,200.,100.),(200.30000000000001,0.,100.),(0.29999999999999999,0.,0.),(200.30000000000001,0.,0.),(0.29999999999999999,0.,100.),(0.29999999999999999,200.,100.),(0.29999999999999999,0.,0.),(0.29999999999999999,0.,100.),(0.29999999999999999,200.,0.),(0.29999999999999999,200.,100.),(200.30000000000001,200.,0.),(0.29999999999999999,200.,0.),(200.30000000000001,200.,100.),(200.30000000000001,200.,0.),(200.30000000000001,0.,100.),(200.30000000000001,0.,0.),(200.30000000000001,200.,100.),(-51.845999999999997,-658.38400000000001,0.),(-61.906999999999996,-715.55999999999995,0.),(-69.703000000000003,-668.71600000000001,0.),(-58.531999999999996,-701.41300000000001,0.),(-48.408999999999999,-689.48699999999997,0.),(-30.425999999999998,-652.096,0.),(-40.658999999999999,-684.755,0.),(-30.908000000000001,-681.37599999999998,0.),(-5.4009999999999998,-678.67200000000003,0.),(-6.742,-650.,0.),(18.975000000000001,-652.20100000000002,0.),(19.478000000000002,-681.64800000000002,0.),(41.463999999999999,-658.803,0.),(29.323,-685.36800000000005,0.),(37.439999999999998,-690.577,0.),(43.942,-697.24199999999996,0.),(59.929000000000002,-669.68100000000004,0.),(48.945999999999998,-705.33199999999999,0.),(54.457999999999998,-725.78800000000001,0.),(85.644999999999996,-723.44100000000003,0.),(73.572999999999993,-684.70799999999997,0.),(82.207999999999998,-702.94299999999998,0.),(-90.620999999999995,-699.73599999999999,0.),(-91.102999999999994,-733.85699999999997,0.),(-93.260999999999996,-717.74000000000001,0.),(-84.626000000000005,-748.34000000000003,0.),(-82.697999999999993,-682.94799999999998,0.),(-73.748000000000005,-760.89499999999998,0.),(-58.384999999999998,-771.22699999999998,0.),(-59.517000000000003,-727.63199999999995,0.),(-52.348999999999997,-737.35699999999997,0.),(-39.731999999999999,-778.66800000000001,0.),(-35.393000000000001,-746.01400000000001,0.),(-10.933999999999999,-786.56899999999996,0.),(-3.3050000000000002,-754.87900000000002,0.),(32.829000000000001,-798.55799999999999,0.),(30.125,-763.28399999999999,0.),(51.104999999999997,-770.55700000000002,0.),(46.075000000000003,-805.11800000000005,0.),(54.960999999999999,-813.06200000000001,0.),(69.757999999999996,-781.76999999999998,0.),(59.991,-822.42999999999995,0.),(61.667999999999999,-833.26599999999996,0.),(68.102999999999994,-882.98099999999999,0.),(81.789000000000001,-867.55499999999995,0.),(82.795000000000002,-795.62400000000002,0.),(90.213999999999999,-849.63499999999999,0.),(90.465999999999994,-811.95100000000002,0.),(93.022999999999996,-830.58399999999995,0.),(-71.966999999999999,-818.34299999999996,0.),(-98.941000000000003,-844.39599999999996,0.),(-102.651,-821.02599999999995,0.),(-89.153000000000006,-865.20799999999997,0.),(-73.894999999999996,-882.28999999999996,0.),(-68.340999999999994,-835.13199999999995,0.),(-53.774000000000001,-894.46699999999998,0.),(-61.823,-848.60799999999995,0.),(-51.658000000000001,-859.29700000000003,0.),(-28.518999999999998,-901.76099999999997,0.),(-37.091000000000001,-867.72299999999996,0.),(-19.276,-873.19299999999998,0.),(2.1440000000000001,-904.19200000000001,0.),(0.63500000000000001,-875.01700000000005,0.),(18.157,-873.63300000000004,0.),(27.149000000000001,-901.78200000000004,0.),(33.499000000000002,-869.48400000000004,0.),(49.512,-894.55100000000004,0.),(45.927999999999997,-862.923,0.),(54.710000000000001,-854.30899999999997,0.),(59.929000000000002,-844.22799999999995,0.),(-98.941000000000003,-844.39599999999996,5.),(-71.966999999999999,-818.34299999999996,5.),(-102.651,-821.02599999999995,5.),(-89.153000000000006,-865.20799999999997,5.),(-73.894999999999996,-882.28999999999996,5.),(-68.340999999999994,-835.13199999999995,5.),(-53.774000000000001,-894.46699999999998,5.),(-61.823,-848.60799999999995,5.),(-51.658000000000001,-859.29700000000003,5.),(-28.518999999999998,-901.76099999999997,5.),(-37.091000000000001,-867.72299999999996,5.),(-19.276,-873.19299999999998,5.),(2.1440000000000001,-904.19200000000001,5.),(0.63500000000000001,-875.01700000000005,5.),(18.157,-873.63300000000004,5.),(27.149000000000001,-901.78200000000004,5.),(33.499000000000002,-869.48400000000004,5.),(49.512,-894.55100000000004,5.),(45.927999999999997,-862.923,5.),(54.710000000000001,-854.30899999999997,5.),(68.102999999999994,-882.98099999999999,5.),(59.929000000000002,-844.22799999999995,5.),(61.667999999999999,-833.26599999999996,5.),(-91.102999999999994,-733.85699999999997,5.),(-90.620999999999995,-699.73599999999999,5.),(-93.260999999999996,-717.74000000000001,5.),(-84.626000000000005,-748.34000000000003,5.),(-82.697999999999993,-682.94799999999998,5.),(-73.748000000000005,-760.89499999999998,5.),(-69.703000000000003,-668.71600000000001,5.),(-58.384999999999998,-771.22699999999998,5.),(-61.906999999999996,-715.55999999999995,5.),(-59.517000000000003,-727.63199999999995,5.),(-52.348999999999997,-737.35699999999997,5.),(-39.731999999999999,-778.66800000000001,5.),(-35.393000000000001,-746.01400000000001,5.),(-10.933999999999999,-786.56899999999996,5.),(-3.3050000000000002,-754.87900000000002,5.),(32.829000000000001,-798.55799999999999,5.),(30.125,-763.28399999999999,5.),(51.104999999999997,-770.55700000000002,5.),(46.075000000000003,-805.11800000000005,5.),(54.960999999999999,-813.06200000000001,5.),(69.757999999999996,-781.76999999999998,5.),(59.991,-822.42999999999995,5.),(81.789000000000001,-867.55499999999995,5.),(82.795000000000002,-795.62400000000002,5.),(90.213999999999999,-849.63499999999999,5.),(90.465999999999994,-811.95100000000002,5.),(93.022999999999996,-830.58399999999995,5.),(-51.845999999999997,-658.38400000000001,5.),(-58.531999999999996,-701.41300000000001,5.),(-48.408999999999999,-689.48699999999997,5.),(-30.425999999999998,-652.096,5.),(-40.658999999999999,-684.755,5.),(-30.908000000000001,-681.37599999999998,5.),(-5.4009999999999998,-678.67200000000003,5.),(-6.742,-650.,5.),(18.975000000000001,-652.20100000000002,5.),(19.478000000000002,-681.64800000000002,5.),(41.463999999999999,-658.803,5.),(29.323,-685.36800000000005,5.),(37.439999999999998,-690.577,5.),(43.942,-697.24199999999996,5.),(59.929000000000002,-669.68100000000004,5.),(48.945999999999998,-705.33199999999999,5.),(54.457999999999998,-725.78800000000001,5.),(85.644999999999996,-723.44100000000003,5.),(73.572999999999993,-684.70799999999997,5.),(82.207999999999998,-702.94299999999998,5.),(-102.651,-821.02599999999995,5.),(-71.966999999999999,-818.34299999999996,0.),(-102.651,-821.02599999999995,0.),(-71.966999999999999,-818.34299999999996,5.),(-71.966999999999999,-818.34299999999996,0.),(-68.340999999999994,-835.13199999999995,5.),(-68.340999999999994,-835.13199999999995,0.),(-71.966999999999999,-818.34299999999996,5.),(-68.340999999999994,-835.13199999999995,0.),(-61.823,-848.60799999999995,5.),(-61.823,-848.60799999999995,0.),(-68.340999999999994,-835.13199999999995,5.),(-61.823,-848.60799999999995,0.),(-51.658000000000001,-859.29700000000003,5.),(-51.658000000000001,-859.29700000000003,0.),(-61.823,-848.60799999999995,5.),(-51.658000000000001,-859.29700000000003,5.),(-37.091000000000001,-867.72299999999996,0.),(-51.658000000000001,-859.29700000000003,0.),(-37.091000000000001,-867.72299999999996,5.),(-37.091000000000001,-867.72299999999996,5.),(-19.276,-873.19299999999998,0.),(-37.091000000000001,-867.72299999999996,0.),(-19.276,-873.19299999999998,5.),(-19.276,-873.19299999999998,5.),(0.63500000000000001,-875.01700000000005,0.),(-19.276,-873.19299999999998,0.),(0.63500000000000001,-875.01700000000005,5.),(0.63500000000000001,-875.01700000000005,5.),(18.157,-873.63300000000004,0.),(0.63500000000000001,-875.01700000000005,0.),(18.157,-873.63300000000004,5.),(18.157,-873.63300000000004,5.),(33.499000000000002,-869.48400000000004,0.),(18.157,-873.63300000000004,0.),(33.499000000000002,-869.48400000000004,5.),(33.499000000000002,-869.48400000000004,5.),(45.927999999999997,-862.923,0.),(33.499000000000002,-869.48400000000004,0.),(45.927999999999997,-862.923,5.),(45.927999999999997,-862.923,5.),(54.710000000000001,-854.30899999999997,0.),(45.927999999999997,-862.923,0.),(54.710000000000001,-854.30899999999997,5.),(59.929000000000002,-844.22799999999995,5.),(54.710000000000001,-854.30899999999997,0.),(54.710000000000001,-854.30899999999997,5.),(59.929000000000002,-844.22799999999995,0.),(61.667999999999999,-833.26599999999996,5.),(59.929000000000002,-844.22799999999995,0.),(59.929000000000002,-844.22799999999995,5.),(61.667999999999999,-833.26599999999996,0.),(59.991,-822.42999999999995,5.),(61.667999999999999,-833.26599999999996,0.),(61.667999999999999,-833.26599999999996,5.),(59.991,-822.42999999999995,0.),(54.960999999999999,-813.06200000000001,5.),(59.991,-822.42999999999995,0.),(59.991,-822.42999999999995,5.),(54.960999999999999,-813.06200000000001,0.),(54.960999999999999,-813.06200000000001,5.),(46.075000000000003,-805.11800000000005,0.),(54.960999999999999,-813.06200000000001,0.),(46.075000000000003,-805.11800000000005,5.),(46.075000000000003,-805.11800000000005,5.),(32.829000000000001,-798.55799999999999,0.),(46.075000000000003,-805.11800000000005,0.),(32.829000000000001,-798.55799999999999,5.),(32.829000000000001,-798.55799999999999,5.),(-10.933999999999999,-786.56899999999996,0.),(32.829000000000001,-798.55799999999999,0.),(-39.731999999999999,-778.66800000000001,0.),(-39.731999999999999,-778.66800000000001,5.),(-10.933999999999999,-786.56899999999996,5.),(-39.731999999999999,-778.66800000000001,5.),(-58.384999999999998,-771.22699999999998,0.),(-39.731999999999999,-778.66800000000001,0.),(-58.384999999999998,-771.22699999999998,5.),(-58.384999999999998,-771.22699999999998,5.),(-73.748000000000005,-760.89499999999998,0.),(-58.384999999999998,-771.22699999999998,0.),(-73.748000000000005,-760.89499999999998,5.),(-84.626000000000005,-748.34000000000003,5.),(-73.748000000000005,-760.89499999999998,0.),(-73.748000000000005,-760.89499999999998,5.),(-84.626000000000005,-748.34000000000003,0.),(-91.102999999999994,-733.85699999999997,5.),(-84.626000000000005,-748.34000000000003,0.),(-84.626000000000005,-748.34000000000003,5.),(-91.102999999999994,-733.85699999999997,0.),(-93.260999999999996,-717.74000000000001,5.),(-91.102999999999994,-733.85699999999997,0.),(-91.102999999999994,-733.85699999999997,5.),(-93.260999999999996,-717.74000000000001,0.),(-90.620999999999995,-699.73599999999999,5.),(-93.260999999999996,-717.74000000000001,0.),(-93.260999999999996,-717.74000000000001,5.),(-90.620999999999995,-699.73599999999999,0.),(-82.697999999999993,-682.94799999999998,5.),(-90.620999999999995,-699.73599999999999,0.),(-90.620999999999995,-699.73599999999999,5.),(-82.697999999999993,-682.94799999999998,0.),(-69.703000000000003,-668.71600000000001,5.),(-82.697999999999993,-682.94799999999998,0.),(-82.697999999999993,-682.94799999999998,5.),(-69.703000000000003,-668.71600000000001,0.),(-69.703000000000003,-668.71600000000001,5.),(-51.845999999999997,-658.38400000000001,0.),(-69.703000000000003,-668.71600000000001,0.),(-51.845999999999997,-658.38400000000001,5.),(-51.845999999999997,-658.38400000000001,5.),(-30.425999999999998,-652.096,0.),(-51.845999999999997,-658.38400000000001,0.),(-30.425999999999998,-652.096,5.),(-30.425999999999998,-652.096,5.),(-6.742,-650.,0.),(-30.425999999999998,-652.096,0.),(-6.742,-650.,5.),(-6.742,-650.,5.),(18.975000000000001,-652.20100000000002,0.),(-6.742,-650.,0.),(18.975000000000001,-652.20100000000002,5.),(18.975000000000001,-652.20100000000002,5.),(41.463999999999999,-658.803,0.),(18.975000000000001,-652.20100000000002,0.),(41.463999999999999,-658.803,5.),(41.463999999999999,-658.803,5.),(59.929000000000002,-669.68100000000004,0.),(41.463999999999999,-658.803,0.),(59.929000000000002,-669.68100000000004,5.),(59.929000000000002,-669.68100000000004,0.),(73.572999999999993,-684.70799999999997,5.),(73.572999999999993,-684.70799999999997,0.),(59.929000000000002,-669.68100000000004,5.),(73.572999999999993,-684.70799999999997,0.),(82.207999999999998,-702.94299999999998,5.),(82.207999999999998,-702.94299999999998,0.),(73.572999999999993,-684.70799999999997,5.),(82.207999999999998,-702.94299999999998,0.),(85.644999999999996,-723.44100000000003,5.),(85.644999999999996,-723.44100000000003,0.),(82.207999999999998,-702.94299999999998,5.),(85.644999999999996,-723.44100000000003,5.),(54.457999999999998,-725.78800000000001,0.),(85.644999999999996,-723.44100000000003,0.),(54.457999999999998,-725.78800000000001,5.),(48.945999999999998,-705.33199999999999,5.),(54.457999999999998,-725.78800000000001,0.),(54.457999999999998,-725.78800000000001,5.),(48.945999999999998,-705.33199999999999,0.),(43.942,-697.24199999999996,5.),(48.945999999999998,-705.33199999999999,0.),(48.945999999999998,-705.33199999999999,5.),(43.942,-697.24199999999996,0.),(37.439999999999998,-690.577,5.),(43.942,-697.24199999999996,0.),(43.942,-697.24199999999996,5.),(37.439999999999998,-690.577,0.),(37.439999999999998,-690.577,5.),(29.323,-685.36800000000005,0.),(37.439999999999998,-690.577,0.),(29.323,-685.36800000000005,5.),(29.323,-685.36800000000005,5.),(19.478000000000002,-681.64800000000002,0.),(29.323,-685.36800000000005,0.),(19.478000000000002,-681.64800000000002,5.),(19.478000000000002,-681.64800000000002,5.),(-5.4009999999999998,-678.67200000000003,0.),(19.478000000000002,-681.64800000000002,0.),(-5.4009999999999998,-678.67200000000003,5.),(-5.4009999999999998,-678.67200000000003,5.),(-30.908000000000001,-681.37599999999998,0.),(-5.4009999999999998,-678.67200000000003,0.),(-30.908000000000001,-681.37599999999998,5.),(-30.908000000000001,-681.37599999999998,5.),(-40.658999999999999,-684.755,0.),(-30.908000000000001,-681.37599999999998,0.),(-40.658999999999999,-684.755,5.),(-40.658999999999999,-684.755,5.),(-48.408999999999999,-689.48699999999997,0.),(-40.658999999999999,-684.755,0.),(-48.408999999999999,-689.48699999999997,5.),(-48.408999999999999,-689.48699999999997,0.),(-58.531999999999996,-701.41300000000001,5.),(-58.531999999999996,-701.41300000000001,0.),(-48.408999999999999,-689.48699999999997,5.),(-58.531999999999996,-701.41300000000001,0.),(-61.906999999999996,-715.55999999999995,5.),(-61.906999999999996,-715.55999999999995,0.),(-58.531999999999996,-701.41300000000001,5.),(-61.906999999999996,-715.55999999999995,0.),(-59.517000000000003,-727.63199999999995,5.),(-59.517000000000003,-727.63199999999995,0.),(-61.906999999999996,-715.55999999999995,5.),(-59.517000000000003,-727.63199999999995,0.),(-52.348999999999997,-737.35699999999997,5.),(-52.348999999999997,-737.35699999999997,0.),(-59.517000000000003,-727.63199999999995,5.),(-52.348999999999997,-737.35699999999997,5.),(-35.393000000000001,-746.01400000000001,0.),(-52.348999999999997,-737.35699999999997,0.),(-35.393000000000001,-746.01400000000001,5.),(-35.393000000000001,-746.01400000000001,5.),(-3.3050000000000002,-754.87900000000002,0.),(-35.393000000000001,-746.01400000000001,0.),(-3.3050000000000002,-754.87900000000002,5.),(-3.3050000000000002,-754.87900000000002,5.),(30.125,-763.28399999999999,0.),(-3.3050000000000002,-754.87900000000002,0.),(30.125,-763.28399999999999,5.),(30.125,-763.28399999999999,5.),(51.104999999999997,-770.55700000000002,0.),(30.125,-763.28399999999999,0.),(51.104999999999997,-770.55700000000002,5.),(51.104999999999997,-770.55700000000002,5.),(69.757999999999996,-781.76999999999998,0.),(51.104999999999997,-770.55700000000002,0.),(69.757999999999996,-781.76999999999998,5.),(69.757999999999996,-781.76999999999998,0.),(82.795000000000002,-795.62400000000002,5.),(82.795000000000002,-795.62400000000002,0.),(69.757999999999996,-781.76999999999998,5.),(82.795000000000002,-795.62400000000002,0.),(90.465999999999994,-811.95100000000002,5.),(90.465999999999994,-811.95100000000002,0.),(82.795000000000002,-795.62400000000002,5.),(90.465999999999994,-811.95100000000002,0.),(93.022999999999996,-830.58399999999995,5.),(93.022999999999996,-830.58399999999995,0.),(90.465999999999994,-811.95100000000002,5.),(93.022999999999996,-830.58399999999995,0.),(90.213999999999999,-849.63499999999999,5.),(90.213999999999999,-849.63499999999999,0.),(93.022999999999996,-830.58399999999995,5.),(90.213999999999999,-849.63499999999999,0.),(81.789000000000001,-867.55499999999995,5.),(81.789000000000001,-867.55499999999995,0.),(90.213999999999999,-849.63499999999999,5.),(81.789000000000001,-867.55499999999995,0.),(68.102999999999994,-882.98099999999999,5.),(68.102999999999994,-882.98099999999999,0.),(81.789000000000001,-867.55499999999995,5.),(68.102999999999994,-882.98099999999999,5.),(49.512,-894.55100000000004,0.),(68.102999999999994,-882.98099999999999,0.),(49.512,-894.55100000000004,5.),(49.512,-894.55100000000004,5.),(27.149000000000001,-901.78200000000004,0.),(49.512,-894.55100000000004,0.),(27.149000000000001,-901.78200000000004,5.),(27.149000000000001,-901.78200000000004,5.),(2.1440000000000001,-904.19200000000001,0.),(27.149000000000001,-901.78200000000004,0.),(2.1440000000000001,-904.19200000000001,5.),(2.1440000000000001,-904.19200000000001,5.),(-28.518999999999998,-901.76099999999997,0.),(2.1440000000000001,-904.19200000000001,0.),(-28.518999999999998,-901.76099999999997,5.),(-28.518999999999998,-901.76099999999997,5.),(-53.774000000000001,-894.46699999999998,0.),(-28.518999999999998,-901.76099999999997,0.),(-53.774000000000001,-894.46699999999998,5.),(-53.774000000000001,-894.46699999999998,5.),(-73.894999999999996,-882.28999999999996,0.),(-53.774000000000001,-894.46699999999998,0.),(-73.894999999999996,-882.28999999999996,5.),(-89.153000000000006,-865.20799999999997,5.),(-73.894999999999996,-882.28999999999996,0.),(-73.894999999999996,-882.28999999999996,5.),(-89.153000000000006,-865.20799999999997,0.),(-98.941000000000003,-844.39599999999996,5.),(-89.153000000000006,-865.20799999999997,0.),(-89.153000000000006,-865.20799999999997,5.),(-98.941000000000003,-844.39599999999996,0.),(-102.651,-821.02599999999995,5.),(-98.941000000000003,-844.39599999999996,0.),(-98.941000000000003,-844.39599999999996,5.),(-102.651,-821.02599999999995,0.)));
#367=IFCSTYLEDITEM(#365,(#370),$);
#368=IFCSURFACESTYLERENDERING(#369,0.,$,$,$,$,$,$,.NOTDEFINED.);
#369=IFCCOLOURRGB($,0.,0.,0.);
#370=IFCSURFACESTYLE('virtual_black',.BOTH.,(#368));
#371=IFCPRODUCTDEFINITIONSHAPE($,$,(#364));
#372=IFCBUILDINGELEMENTPROXY('1E3uDwDPfEG9fsU9ybGti$',#1,'sand bedding (Kopie)','A layer of ground floor sand bedding, providing a stable base.','subgrade',#373,#334,'454425.1027891.979946.932086',$);
#373=IFCLOCALPLACEMENT(#30,#374);
#374=IFCAXIS2PLACEMENT3D(#378,#376,#377);
#375=IFCCARTESIANPOINT((-2800.,-2800.,1300.));
#376=IFCDIRECTION((0.,0.,1.));
#377=IFCDIRECTION((1.,0.,0.));
#378=IFCCARTESIANPOINT((200.,-2800.,1300.));
#379=IFCWALL('1lUJQKjF9FfPX2TGXH9bS_',#1,'plumbing wall (Kopie)','A wall designed to house and protect plumbing systems, keeping the pipes snug and secure.','plumbingwall',#380,#249,'454425.1027891.979946.932083.2037918.920027',$);
#380=IFCLOCALPLACEMENT(#47,#381);
#381=IFCAXIS2PLACEMENT3D(#397,#383,#384);
#382=IFCCARTESIANPOINT((5400.,5800.,0.));
#383=IFCDIRECTION((0.,0.,1.));
#384=IFCDIRECTION((-1.3173934614068503E-15,-1.,0.));
#385=IFCRELDEFINESBYPROPERTIES('3W8uS8xwb1Gur0kL4Yx_z6',#1,$,$,(#379),#386);
#386=IFCELEMENTQUANTITY('0Y0qrj1CX8S8YcQ6gTWgi3',#387,'Qto_WallBaseQuantities',$,'BaseQuantities',(#393,#394,#395,#396));
#387=IFCOWNERHISTORY(#388,#391,$,.ADDED.,1782208424,#388,#391,1782208424);
#388=IFCPERSONANDORGANIZATION(#389,#390,$);
#389=IFCPERSON('3720f2e9-0107-4ce6-b699-e20d9bd03331','Jan B.',$,$,$,$,$,$);
#390=IFCORGANIZATION($,'buildingSMART International','buildingSMART is the worldwide industry body driving the digital transformation of the built environment.',$,$);
#391=IFCAPPLICATION(#392,'5.6.0','IFC manager for sketchup','su_ifcmanager');
#392=IFCORGANIZATION($,'BIM-Tools',$,$,$);
#393=IFCQUANTITYVOLUME('NetVolume',$,$,0.16470195328802131,$);
#394=IFCQUANTITYLENGTH('Width',$,$,24.,$);
#395=IFCQUANTITYLENGTH('Length',$,$,3800.,$);
#396=IFCQUANTITYAREA('NetSideArea',$,$,6.8625813869772649,$);
#397=IFCCARTESIANPOINT((8400.,5800.,0.));
#398=IFCCARTESIANPOINT((3100.,500.,3475.7359999999999));
#399=IFCCARTESIANPOINT((5700.,5800.,0.));
#400=IFCOWNERHISTORY(#2,#5,$,.MODIFIED.,1790071130,#2,#5,1782208424);
ENDSEC;
END-ISO-10303-21;
